place_name,category_name,address_name,place_url,분류
유니클로 광화문D타워점,"가정,생활 > 패션 > 의류판매 > 유니클로",서울 종로구 청진동 246,http://place.map.kakao.com/27497037,쇼핑
탑텐 대학로점,"가정,생활 > 패션 > 의류판매 > 탑텐",서울 종로구 동숭동 1-28,http://place.map.kakao.com/23611679,쇼핑
아디다스 북촌헤리티지스토어,"가정,생활 > 패션 > 의류판매 > 스포츠의류 > 아디다스",서울 종로구 소격동 142-2,http://place.map.kakao.com/1371457548,쇼핑
워크업 서울평창점,"가정,생활 > 패션 > 의류판매 > 워크업",서울 종로구 부암동 129-8,http://place.map.kakao.com/99866850,쇼핑
뉴발란스 북촌직영점,"가정,생활 > 패션 > 의류판매 > 스포츠의류",서울 종로구 화동 104,http://place.map.kakao.com/915772160,쇼핑
아크테릭스 종로점,"가정,생활 > 패션 > 의류판매 > 스포츠의류",서울 종로구 종로5가 214-10,http://place.map.kakao.com/503402236,쇼핑
아티플로 맞춤정장예복 종로본점,"가정,생활 > 패션 > 의류판매 > 남성의류,양복",서울 종로구 종로3가 122,http://place.map.kakao.com/1652083962,쇼핑
운선제한복 종로점,"가정,생활 > 패션 > 의류판매 > 한복",서울 종로구 종로4가 5,http://place.map.kakao.com/11794354,쇼핑
투티에,"가정,생활 > 패션 > 의류판매 > 가죽,모피",서울 종로구 소격동 66,http://place.map.kakao.com/718990404,쇼핑
블랙야크 서울종로직영점,"가정,생활 > 패션 > 의류판매 > 스포츠의류 > 블랙야크",서울 종로구 종로5가 321-25,http://place.map.kakao.com/11558428,쇼핑
BYC 신설점,"가정,생활 > 패션 > 의류판매 > 속옷,언더웨어 > BYC",서울 종로구 숭인동 1433,http://place.map.kakao.com/12888452,쇼핑
라이즈앤빌로우 서촌,"가정,생활 > 패션 > 의류판매",서울 종로구 통의동 18,http://place.map.kakao.com/189895667,쇼핑
ETC서울 서촌,"가정,생활 > 패션 > 의류판매",서울 종로구 필운동 152-3,http://place.map.kakao.com/666784557,쇼핑
프로스펙스 종로팩토리아울렛,"가정,생활 > 패션 > 의류판매 > 스포츠의류 > 프로스펙스",서울 종로구 창신동 352-3,http://place.map.kakao.com/1515343661,쇼핑
알라모다 종로점,"가정,생활 > 패션 > 의류판매 > 남성의류,양복",서울 종로구 종로3가 10,http://place.map.kakao.com/23282583,쇼핑
그랑핸드 서촌,"가정,생활 > 미용 > 화장품 > 향수",서울 종로구 통의동 35-106,http://place.map.kakao.com/1738151085,쇼핑
설화수의집 북촌,"가정,생활 > 미용 > 화장품",서울 종로구 가회동 74,http://place.map.kakao.com/967518414,쇼핑
그랑핸드 광화문,"가정,생활 > 미용 > 화장품 > 향수",서울 종로구 청진동 70,http://place.map.kakao.com/766425991,쇼핑
탬버린즈 삼청점,"가정,생활 > 미용 > 화장품 > 향수",서울 종로구 화동 138-14,http://place.map.kakao.com/776604557,쇼핑
이니스프리 대학로점,"가정,생활 > 미용 > 화장품 > 이니스프리",서울 종로구 명륜4가 185,http://place.map.kakao.com/8044353,쇼핑
퍼퓸그라피 셀렉트샵,"가정,생활 > 미용 > 화장품 > 향수",서울 종로구 동숭동 1-65,http://place.map.kakao.com/1660415171,쇼핑
그랑핸드 북촌,"가정,생활 > 미용 > 화장품 > 향수",서울 종로구 가회동 40-3,http://place.map.kakao.com/460070959,쇼핑
한국화장품제조 본사,"가정,생활 > 미용 > 화장품",서울 종로구 서린동 88,http://place.map.kakao.com/182397304,쇼핑
다니엘트루스 퍼퓸하우스 인 삼청,"가정,생활 > 미용 > 화장품 > 향수",서울 종로구 화동 44-1,http://place.map.kakao.com/1164738302,쇼핑
헤트라스 안국,"가정,생활 > 미용 > 화장품 > 향수",서울 종로구 계동 140-42,http://place.map.kakao.com/1624926947,쇼핑
와이레스,"가정,생활 > 미용 > 화장품",서울 종로구 가회동 26-5,http://place.map.kakao.com/1215974688,쇼핑
에뛰드하우스 동화면세점,"가정,생활 > 미용 > 화장품 > 에뛰드하우스",서울 종로구 세종로 211,http://place.map.kakao.com/128796575,쇼핑
논픽션 삼청,"가정,생활 > 미용 > 화장품",서울 종로구 소격동 76,http://place.map.kakao.com/2049005968,쇼핑
그랑핸드 소격,"가정,생활 > 미용 > 화장품 > 향수",서울 종로구 소격동 154,http://place.map.kakao.com/27426484,쇼핑
네이처리퍼블릭 북촌한옥마을점,"가정,생활 > 미용 > 화장품 > 네이처리퍼블릭",서울 종로구 가회동 30-9,http://place.map.kakao.com/1681145720,쇼핑
올리브영 종로1가점,"가정,생활 > 드럭스토어 > 올리브영",서울 종로구 종로1가 24,http://place.map.kakao.com/19729626,쇼핑
올리브영 혜화역점,"가정,생활 > 드럭스토어 > 올리브영",서울 종로구 동숭동 1-28,http://place.map.kakao.com/18960502,쇼핑
올리브영 종로YBM점,"가정,생활 > 드럭스토어 > 올리브영",서울 종로구 종로2가 55-1,http://place.map.kakao.com/17813125,쇼핑
올리브영 경복궁역점,"가정,생활 > 드럭스토어 > 올리브영",서울 종로구 체부동 48,http://place.map.kakao.com/1497798340,쇼핑
올리브영 종각점,"가정,생활 > 드럭스토어 > 올리브영",서울 종로구 종로2가 7,http://place.map.kakao.com/13033006,쇼핑
올리브영 동묘앞역점,"가정,생활 > 드럭스토어 > 올리브영",서울 종로구 숭인동 298-2,http://place.map.kakao.com/27437849,쇼핑
올리브영 대학로중앙점,"가정,생활 > 드럭스토어 > 올리브영",서울 종로구 혜화동 185,http://place.map.kakao.com/26982787,쇼핑
올리브영 세종로점,"가정,생활 > 드럭스토어 > 올리브영",서울 종로구 세종로 200,http://place.map.kakao.com/13033029,쇼핑
올리브영 종로점,"가정,생활 > 드럭스토어 > 올리브영",서울 종로구 종로2가 75-9,http://place.map.kakao.com/899841806,쇼핑
올리브영 독립문점,"가정,생활 > 드럭스토어 > 올리브영",서울 종로구 교남동 161,http://place.map.kakao.com/2070548295,쇼핑
올리브영 대학로점,"가정,생활 > 드럭스토어 > 올리브영",서울 종로구 명륜2가 231,http://place.map.kakao.com/1900298425,쇼핑
올리브영 홍대대학로점,"가정,생활 > 드럭스토어 > 올리브영",서울 종로구 연건동 128-8,http://place.map.kakao.com/19191694,쇼핑
올리브영 종로평창점,"가정,생활 > 드럭스토어 > 올리브영",서울 종로구 평창동 310-1,http://place.map.kakao.com/1788599734,쇼핑
올리브영 무교동점,"가정,생활 > 드럭스토어 > 올리브영",서울 중구 무교동 12-1,http://place.map.kakao.com/883805153,쇼핑
올리브영 한성대입구역점,"가정,생활 > 드럭스토어 > 올리브영",서울 성북구 삼선동1가 25,http://place.map.kakao.com/1650877136,쇼핑
롯데백화점 본점,"가정,생활 > 백화점 > 롯데백화점",서울 중구 소공동 1,http://place.map.kakao.com/7858517,쇼핑
신세계백화점 본점 더 리저브,"가정,생활 > 백화점 > 신세계백화점",서울 중구 충무로1가 52-5,http://place.map.kakao.com/7969138,쇼핑
롯데에비뉴엘 본점,"가정,생활 > 백화점 > 롯데백화점",서울 중구 소공동 7,http://place.map.kakao.com/27436903,쇼핑
신세계백화점 본점 디 에스테이트,"가정,생활 > 백화점 > 신세계백화점",서울 중구 충무로1가 54,http://place.map.kakao.com/18217490,쇼핑
신세계백화점 본점 더헤리티지,"가정,생활 > 백화점 > 신세계백화점",서울 중구 충무로1가 53-1,http://place.map.kakao.com/361141033,쇼핑
파소티 롯데백화점본점,"가정,생활 > 백화점 > 롯데백화점",서울 중구 소공동 1,http://place.map.kakao.com/1278908484,쇼핑
롯데영플라자 본점(휴업중),"가정,생활 > 백화점",서울 중구 소공동 29-1,http://place.map.kakao.com/8315153,쇼핑
NC백화점 불광점,"가정,생활 > 백화점 > NC백화점",서울 은평구 대조동 240,http://place.map.kakao.com/18342865,쇼핑
현대백화점 미아점,"가정,생활 > 백화점 > 현대백화점",서울 성북구 길음동 20-1,http://place.map.kakao.com/8156625,쇼핑
NC 디파트먼트스토어,"가정,생활 > 백화점",서울 은평구 대조동 240,http://place.map.kakao.com/20535629,쇼핑
종로3가 귀금속도매백화점,"가정,생활 > 패션 > 보석,귀금속",서울 종로구 종로3가 28-2,http://place.map.kakao.com/26121387,기타
종묘귀금속전문백화점,"가정,생활 > 패션 > 보석,귀금속",서울 종로구 종로4가 30,http://place.map.kakao.com/8064791,기타
서원서예백화점,"가정,생활 > 문구,사무용품",서울 종로구 경운동 47-1,http://place.map.kakao.com/9876058,기타
선교기독교백화점,"문화,예술 > 종교 > 종교용품판매점",서울 종로구 창신동 215,http://place.map.kakao.com/20550752,문화생활
토속촌삼계탕,"음식점 > 한식 > 육류,고기 > 닭요리 > 삼계탕",서울 종로구 체부동 85-1,http://place.map.kakao.com/26545925,음식점
진옥화할매원조닭한마리 본점,"음식점 > 한식 > 육류,고기 > 닭요리",서울 종로구 종로5가 265-22,http://place.map.kakao.com/10785496,음식점
혜화칼국수,음식점 > 한식 > 국수 > 칼국수,서울 종로구 혜화동 84-3,http://place.map.kakao.com/8176347,음식점
종로할머니칼국수 종로본점,음식점 > 한식 > 국수 > 칼국수,서울 종로구 돈의동 49-1,http://place.map.kakao.com/8034231,음식점
백부장집닭한마리 본관,"음식점 > 한식 > 육류,고기 > 닭요리",서울 종로구 공평동 129,http://place.map.kakao.com/8381402,음식점
살롱순라,음식점 > 양식 > 이탈리안,서울 종로구 권농동 187-7,http://place.map.kakao.com/2025215095,음식점
광장시장통큰누이네육회빈대떡,음식점 > 한식,서울 종로구 종로5가 138-25,http://place.map.kakao.com/614661957,음식점
평양고깃집,"음식점 > 한식 > 육류,고기",서울 종로구 관훈동 198-32,http://place.map.kakao.com/971121714,음식점
샤오바오우육면 본점,음식점 > 중식 > 중국요리,서울 종로구 관철동 12-24,http://place.map.kakao.com/2053098478,음식점
계림 종로본점,"음식점 > 한식 > 육류,고기 > 닭요리",서울 종로구 종로3가 167,http://place.map.kakao.com/8758064,음식점
할매집,음식점 > 한식 > 감자탕,서울 종로구 내자동 108,http://place.map.kakao.com/8612493,음식점
혜화도담,음식점 > 한식,서울 종로구 명륜4가 48-2,http://place.map.kakao.com/497931179,음식점
만리성,음식점 > 중식 > 중국요리,서울 종로구 동숭동 1-88,http://place.map.kakao.com/7860491,음식점
양지식당,음식점 > 한식,서울 종로구 종로6가 205-1,http://place.map.kakao.com/2122475581,음식점
호반,음식점 > 한식,서울 종로구 낙원동 85-7,http://place.map.kakao.com/27269590,음식점
라면점빵,음식점 > 분식,서울 종로구 필운동 202,http://place.map.kakao.com/8931203,음식점
대성집,음식점 > 한식 > 국밥,서울 종로구 행촌동 209-35,http://place.map.kakao.com/24448306,음식점
이문설농탕,음식점 > 한식 > 설렁탕,서울 종로구 견지동 88,http://place.map.kakao.com/24725293,음식점
커피스트,음식점 > 카페 > 커피전문점,서울 종로구 신문로2가 1-335,http://place.map.kakao.com/8105618,카페
포비 광화문점,음식점 > 카페,서울 종로구 청진동 246,http://place.map.kakao.com/27187492,카페
남도식당,음식점 > 한식,서울 종로구 숭인동 228-4,http://place.map.kakao.com/1427378789,음식점
은성회집,"음식점 > 한식 > 해물,생선 > 회",서울 종로구 종로4가 165-2,http://place.map.kakao.com/11177923,음식점
찬양집,음식점 > 한식 > 국수,서울 종로구 돈의동 27,http://place.map.kakao.com/12990437,음식점
대련집,음식점 > 한식 > 국수 > 칼국수,서울 종로구 관수동 163,http://place.map.kakao.com/7818113,음식점
마이클바이해비치 종로,음식점 > 양식 > 이탈리안,서울 종로구 공평동 5-1,http://place.map.kakao.com/1791766556,음식점
대학로족발 대학로본점,"음식점 > 한식 > 육류,고기 > 족발,보쌈",서울 종로구 혜화동 143-2,http://place.map.kakao.com/17937644,음식점
빅파이브 종로점,"음식점 > 술집 > 호프,요리주점",서울 종로구 낙원동 210,http://place.map.kakao.com/1333932833,술집
뚝배기집,"음식점 > 한식 > 찌개,전골",서울 종로구 관철동 5-1,http://place.map.kakao.com/10374336,음식점
동묘집,"음식점 > 한식 > 해물,생선",서울 종로구 창신동 330-49,http://place.map.kakao.com/706318241,음식점
서촌계단집,"음식점 > 한식 > 해물,생선",서울 종로구 내자동 11-1,http://place.map.kakao.com/19156993,음식점
동해루,음식점 > 중식 > 중국요리,서울 종로구 장사동 130-1,http://place.map.kakao.com/8945925,음식점
돈화문닭한마리,"음식점 > 한식 > 육류,고기 > 닭요리",서울 종로구 돈의동 95,http://place.map.kakao.com/27179188,음식점
VIP참치 종로점,음식점 > 일식 > 참치회,서울 종로구 관철동 11-13,http://place.map.kakao.com/149543887,음식점
화통본가,"음식점 > 한식 > 육류,고기",서울 종로구 종로3가 123-3,http://place.map.kakao.com/24049545,음식점
뎁짜이,음식점 > 아시아음식 > 동남아음식 > 베트남음식,서울 종로구 명륜4가 170-2,http://place.map.kakao.com/916333750,음식점
제이히든하우스,음식점 > 카페,서울 종로구 종로6가 94,http://place.map.kakao.com/1182434312,카페
늘솜김밥 종로본점,음식점 > 분식,서울 종로구 관철동 19-19,http://place.map.kakao.com/1725208370,음식점
솔트24 동숭동본점,"음식점 > 간식 > 제과,베이커리",서울 종로구 동숭동 187-11,http://place.map.kakao.com/1311931370,음식점
홍성원 본점,음식점 > 중식,서울 종로구 견지동 110,http://place.map.kakao.com/26871968,음식점
광화문한옥집,음식점 > 한식,서울 종로구 내수동 1,http://place.map.kakao.com/152172304,음식점
고기꾼 김춘배 종로직영점,"음식점 > 한식 > 육류,고기",서울 종로구 관철동 12-23,http://place.map.kakao.com/984317343,음식점
광주집,"음식점 > 한식 > 육류,고기",서울 종로구 돈의동 8,http://place.map.kakao.com/8229628,음식점
오죽이네,"음식점 > 한식 > 육류,고기 > 닭요리",서울 종로구 익선동 156,http://place.map.kakao.com/16734831,음식점
커피한잔,음식점 > 카페 > 커피전문점,서울 종로구 필운동 130-11,http://place.map.kakao.com/11831528,카페
순대실록 대학로본점,음식점 > 한식 > 순대,서울 종로구 동숭동 1-41,http://place.map.kakao.com/22961938,음식점
청와대 본관,"여행 > 관광,명소",서울 종로구 세종로 1,http://place.map.kakao.com/1917455244,관광명소
경복궁,"여행 > 관광,명소 > 문화유적 > 고궁,궁",서울 종로구 세종로 1-1,http://place.map.kakao.com/18619553,관광명소
창덕궁,"여행 > 관광,명소 > 문화유적 > 고궁,궁",서울 종로구 와룡동 2-71,http://place.map.kakao.com/10771162,관광명소
창경궁,"여행 > 관광,명소 > 문화유적 > 고궁,궁",서울 종로구 와룡동 2-1,http://place.map.kakao.com/11156260,관광명소
종묘,"여행 > 관광,명소 > 문화유적 > 사당,제단",서울 종로구 훈정동 1-2,http://place.map.kakao.com/8075129,관광명소
광화문,"여행 > 관광,명소 > 문화유적 > 문",서울 종로구 세종로 1-1,http://place.map.kakao.com/8234642,관광명소
광화문광장,"여행 > 관광,명소 > 광장",서울 종로구 세종로 1-68,http://place.map.kakao.com/8193961,관광명소
북촌한옥마을,"여행 > 관광,명소",서울 종로구 가회동 30-2,http://place.map.kakao.com/781129546,관광명소
청계천,"여행 > 관광,명소 > 하천",서울 종로구 서린동 148,http://place.map.kakao.com/10849847,관광명소
쌈지길,"여행 > 관광,명소",서울 종로구 관훈동 38,http://place.map.kakao.com/7984319,관광명소
인왕산,"여행 > 관광,명소 > 산",서울 종로구 옥인동 산 3-39,http://place.map.kakao.com/10740679,관광명소
흥인지문,"여행 > 관광,명소 > 문화유적 > 문",서울 종로구 종로6가 69,http://place.map.kakao.com/8638884,관광명소
북한산둘레길 6구간평창마을길,"여행 > 관광,명소 > 도보여행 > 둘레길 > 북한산둘레길",서울 종로구 평창동,http://place.map.kakao.com/12544579,관광명소
돈의문박물관마을,"여행 > 관광,명소",서울 종로구 신문로2가 7-22,http://place.map.kakao.com/219411423,관광명소
청와대 사랑채,"여행 > 관광,명소",서울 종로구 효자동 150,http://place.map.kakao.com/8167380,관광명소
북악스카이웨이,"여행 > 관광,명소 > 드라이브코스",서울 종로구 평창동 산 6-94,http://place.map.kakao.com/7904649,관광명소
석파정,"여행 > 관광,명소 > 문화유적",서울 종로구 부암동 산 16-1,http://place.map.kakao.com/11141124,관광명소
경희궁,"여행 > 관광,명소 > 문화유적 > 고궁,궁",서울 종로구 신문로2가 2-1,http://place.map.kakao.com/10166255,관광명소
서촌한옥마을,"여행 > 관광,명소",서울 종로구 통의동,http://place.map.kakao.com/18937478,관광명소
다이나믹메이즈 서울인사동점,"여행 > 관광,명소 > 테마파크",서울 종로구 인사동 43,http://place.map.kakao.com/27215154,관광명소
창덕궁 후원,"여행 > 관광,명소 > 문화유적 > 고궁,궁",서울 종로구 와룡동 2-71,http://place.map.kakao.com/7813428,관광명소
운현궁,"여행 > 관광,명소 > 문화유적 > 고궁,궁",서울 종로구 운니동 114-10,http://place.map.kakao.com/8465462,관광명소
인왕산 수성동계곡,"여행 > 관광,명소 > 계곡",서울 종로구 옥인동 179-1,http://place.map.kakao.com/17990926,관광명소
이화동 벽화마을,"여행 > 관광,명소",서울 종로구 이화동 9-413,http://place.map.kakao.com/25039734,관광명소
백사실계곡,"여행 > 관광,명소 > 계곡",서울 종로구 부암동 115,http://place.map.kakao.com/7891659,관광명소
청와대 춘추문,"여행 > 관광,명소 > 문화유적 > 문",서울 종로구 세종로 1-52,http://place.map.kakao.com/1855872490,관광명소
북악산,"여행 > 관광,명소 > 산",서울 종로구 삼청동 산 2-27,http://place.map.kakao.com/8342732,관광명소
창의문,"여행 > 관광,명소 > 문화유적 > 문",서울 종로구 청운동 산 1-1,http://place.map.kakao.com/8578705,관광명소
보신각터,"여행 > 관광,명소 > 문화유적",서울 종로구 관철동 45-5,http://place.map.kakao.com/7899027,관광명소
서울 한양도성 인왕산구간4코스,"여행 > 관광,명소 > 도보여행 > 서울한양도성",서울 종로구 누상동,http://place.map.kakao.com/18741275,관광명소
서울둘레길 18코스 계곡과 산이 만난 도심길,"여행 > 관광,명소 > 도보여행 > 둘레길 > 서울둘레길",서울 종로구 구기동 17-21,http://place.map.kakao.com/327357948,관광명소
열린송현녹지광장,"여행 > 관광,명소 > 광장",서울 종로구 송현동 48-9,http://place.map.kakao.com/1356925875,관광명소
딜쿠샤,"여행 > 관광,명소 > 문화유적",서울 종로구 행촌동 1-89,http://place.map.kakao.com/19182821,관광명소
동십자각,"여행 > 관광,명소 > 문화유적",서울 종로구 세종로 1-58,http://place.map.kakao.com/7840802,관광명소
혜화문,"여행 > 관광,명소 > 문화유적 > 문",서울 종로구 혜화동 28-5,http://place.map.kakao.com/8683748,관광명소
청와대 춘추관,"여행 > 관광,명소",서울 종로구 세종로 1,http://place.map.kakao.com/1916196697,관광명소
사직단,"여행 > 관광,명소 > 문화유적 > 사당,제단",서울 종로구 사직동 1-28,http://place.map.kakao.com/7909242,관광명소
가회동백인제가옥,"여행 > 관광,명소 > 문화유적 > 생가,고택",서울 종로구 가회동 93-1,http://place.map.kakao.com/7887672,관광명소
창경궁 대온실,"여행 > 관광,명소 > 수목원,식물원",서울 종로구 와룡동 2-1,http://place.map.kakao.com/11002870,관광명소
국립현대미술관 서울,"문화,예술 > 문화시설 > 미술관",서울 종로구 소격동 165-10,http://place.map.kakao.com/17952661,문화생활
세종문화회관,"문화,예술 > 문화시설 > 공연장,연극극장",서울 종로구 세종로 81-3,http://place.map.kakao.com/8373453,문화생활
서울역사박물관,"문화,예술 > 문화시설 > 박물관",서울 종로구 신문로2가 2-1,http://place.map.kakao.com/7934135,문화생활
국립민속박물관 본관,"문화,예술 > 문화시설 > 박물관",서울 종로구 세종로 1-1,http://place.map.kakao.com/8191467,문화생활
대한민국역사박물관,"문화,예술 > 문화시설 > 박물관",서울 종로구 세종로 82-1,http://place.map.kakao.com/15104327,문화생활
석파정 서울미술관,"문화,예술 > 문화시설 > 미술관",서울 종로구 부암동 202-4,http://place.map.kakao.com/18201536,문화생활
종로서적 종로본점,"문화,예술 > 도서 > 서점 > 종로서적",서울 종로구 공평동 70,http://place.map.kakao.com/14690395,문화생활
국립고궁박물관,"문화,예술 > 문화시설 > 박물관",서울 종로구 세종로 1-57,http://place.map.kakao.com/8214304,문화생활
홍익대학교 대학로아트센터,"문화,예술 > 문화시설",서울 종로구 연건동 128-8,http://place.map.kakao.com/27584212,문화생활
세종문화회관 대극장,"문화,예술 > 문화시설 > 공연장,연극극장",서울 종로구 세종로 81-4,http://place.map.kakao.com/27151624,문화생활
윤동주문학관,"문화,예술 > 문화시설 > 전시관",서울 종로구 청운동 3-100,http://place.map.kakao.com/12765701,문화생활
씨네큐브 광화문,"문화,예술 > 영화,영상 > 영화관",서울 종로구 신문로1가 226,http://place.map.kakao.com/15533457,문화생활
세종문화회관 미술관,"문화,예술 > 문화시설 > 미술관",서울 종로구 세종로 81-3,http://place.map.kakao.com/25587453,문화생활
아트포레스트,"문화,예술 > 문화시설 > 공연장,연극극장",서울 종로구 동숭동 1-66,http://place.map.kakao.com/2003000361,문화생활
인사센트럴뮤지엄,"문화,예술 > 문화시설 > 전시관",서울 종로구 관훈동 155-2,http://place.map.kakao.com/555421049,문화생활
그라운드시소 서촌,"문화,예술 > 문화시설 > 전시관",서울 종로구 통의동 35-17,http://place.map.kakao.com/341652379,문화생활
예스24스테이지,"문화,예술 > 문화시설 > 공연장,연극극장",서울 종로구 동숭동 1-52,http://place.map.kakao.com/1299291592,문화생활
JTN아트홀,"문화,예술 > 문화시설 > 공연장,연극극장",서울 종로구 이화동 139,http://place.map.kakao.com/7825701,문화생활
대림미술관,"문화,예술 > 문화시설 > 미술관",서울 종로구 통의동 35-1,http://place.map.kakao.com/8299285,문화생활
에무시네마,"문화,예술 > 영화,영상 > 영화관",서울 종로구 신문로2가 1-181,http://place.map.kakao.com/652170159,문화생활
경인미술관,"문화,예술 > 문화시설 > 미술관",서울 종로구 관훈동 30-1,http://place.map.kakao.com/8199463,문화생활
두산아트센터,"문화,예술 > 문화시설 > 공연장,연극극장",서울 종로구 연지동 270,http://place.map.kakao.com/7851334,문화생활
서울공예박물관,"문화,예술 > 문화시설 > 박물관",서울 종로구 안국동 175-112,http://place.map.kakao.com/1038056172,문화생활
환기미술관,"문화,예술 > 문화시설 > 미술관",서울 종로구 부암동 210-8,http://place.map.kakao.com/1645854601,문화생활
세종문화회관 M씨어터,"문화,예술 > 문화시설 > 공연장,연극극장",서울 종로구 세종로 160-1,http://place.map.kakao.com/18607961,문화생활
갤러리라메르,"문화,예술 > 문화시설 > 미술관",서울 종로구 관훈동 198-1,http://place.map.kakao.com/27316531,문화생활
홍익대학교 대학로아트센터 대극장,"문화,예술 > 문화시설 > 공연장,연극극장",서울 종로구 연건동 128-8,http://place.map.kakao.com/18664821,문화생활
안녕인사동,"문화,예술 > 문화시설",서울 종로구 관훈동 155-2,http://place.map.kakao.com/89941737,문화생활
마루아트센터,"문화,예술 > 미술,공예 > 화랑",서울 종로구 관훈동 192-15,http://place.map.kakao.com/502438956,문화생활
두산아트센터 연강홀,"문화,예술 > 문화시설 > 공연장,연극극장",서울 종로구 연지동 269,http://place.map.kakao.com/18245163,문화생활
링크아트센터,"문화,예술 > 문화시설 > 공연장,연극극장",서울 종로구 혜화동 163-24,http://place.map.kakao.com/1282678362,문화생활
바탕골 소극장,"문화,예술 > 문화시설 > 공연장,연극극장",서울 종로구 동숭동 1-60,http://place.map.kakao.com/18345287,문화생활
일민미술관,"문화,예술 > 문화시설 > 미술관",서울 종로구 세종로 139-8,http://place.map.kakao.com/11179476,문화생활
가나아트센터,"문화,예술 > 문화시설 > 미술관",서울 종로구 평창동 97,http://place.map.kakao.com/8673831,문화생활
아름다운청년전태일기념관,"문화,예술 > 문화시설 > 기념관",서울 종로구 관수동 152-1,http://place.map.kakao.com/1357502888,문화생활
링크아트센터드림,"문화,예술 > 문화시설 > 공연장,연극극장",서울 종로구 동숭동 1-42,http://place.map.kakao.com/1390982986,문화생활
국립민속박물관 어린이박물관,"문화,예술 > 문화시설 > 박물관",서울 종로구 세종로 1-1,http://place.map.kakao.com/8208595,문화생활
성곡미술관,"문화,예술 > 문화시설 > 미술관",서울 종로구 신문로2가 1-101,http://place.map.kakao.com/11147054,문화생활
푸투라 서울,"문화,예술 > 문화시설 > 미술관",서울 종로구 가회동 30-1,http://place.map.kakao.com/376841568,문화생활
틴틴홀,"문화,예술 > 문화시설 > 공연장,연극극장",서울 종로구 동숭동 1-97,http://place.map.kakao.com/8080638,문화생활
인사아트센터,"문화,예술 > 문화시설 > 전시관",서울 종로구 관훈동 188,http://place.map.kakao.com/8099727,문화생활
한양도성박물관,"문화,예술 > 문화시설 > 박물관",서울 종로구 종로6가 70-6,http://place.map.kakao.com/25460694,문화생활
경찰박물관,"문화,예술 > 문화시설 > 박물관",서울 종로구 행촌동 211-1,http://place.map.kakao.com/1610978252,문화생활
콘텐츠박스,"문화,예술 > 문화시설 > 공연장,연극극장",서울 종로구 동숭동 1-145,http://place.map.kakao.com/27264356,문화생활
아트하우스,"문화,예술 > 문화시설 > 공연장,연극극장",서울 종로구 동숭동 1-96,http://place.map.kakao.com/1620865618,문화생활
CGV 대학로,"문화,예술 > 영화,영상 > 영화관 > CGV",서울 종로구 명륜2가 41-9,http://place.map.kakao.com/7986504,영화
CGV 피카디리1958,"문화,예술 > 영화,영상 > 영화관 > CGV",서울 종로구 돈의동 137,http://place.map.kakao.com/27307026,영화
실버영화관,"문화,예술 > 영화,영상 > 영화관",서울 종로구 낙원동 288,http://place.map.kakao.com/1348730757,문화생활
바다극장,"문화,예술 > 영화,영상 > 영화관",서울 종로구 예지동 222,http://place.map.kakao.com/24725281,문화생활
낭만극장,"문화,예술 > 영화,영상 > 영화관",서울 종로구 낙원동 288,http://place.map.kakao.com/1345891117,문화생활
모두의 극장,"문화,예술 > 영화,영상 > 영화관",서울 종로구 낙원동 284-6,http://place.map.kakao.com/12165606,문화생활
CGV 명동,"문화,예술 > 영화,영상 > 영화관 > CGV",서울 중구 명동2가 83-5,http://place.map.kakao.com/25121674,영화
CGV 명동역 씨네라이브러리,"문화,예술 > 영화,영상 > 영화관 > CGV",서울 중구 충무로2가 65-9,http://place.map.kakao.com/27572008,영화
롯데시네마 에비뉴엘,"문화,예술 > 영화,영상 > 영화관 > 롯데시네마",서울 중구 소공동 7,http://place.map.kakao.com/11082743,영화
CGV 성신여대입구,"문화,예술 > 영화,영상 > 영화관 > CGV",서울 성북구 동선동1가 1-2,http://place.map.kakao.com/7989315,영화
CGV 동대문,"문화,예술 > 영화,영상 > 영화관 > CGV",서울 중구 을지로6가 17-2,http://place.map.kakao.com/793127848,영화
메가박스 동대문,"문화,예술 > 영화,영상 > 영화관 > 메가박스",서울 중구 을지로6가 18-21,http://place.map.kakao.com/8334053,영화
서울아트시네마,"문화,예술 > 영화,영상 > 영화관",서울 중구 정동 22,http://place.map.kakao.com/26606071,문화생활
아리랑시네센터 아리랑인디웨이브,"문화,예술 > 영화,영상 > 영화관",서울 성북구 정릉동 113-32,http://place.map.kakao.com/26973759,문화생활
CGV 불광,"문화,예술 > 영화,영상 > 영화관 > CGV",서울 은평구 대조동 240,http://place.map.kakao.com/10812689,영화
메가박스 신촌,"문화,예술 > 영화,영상 > 영화관 > 메가박스",서울 서대문구 신촌동 74-12,http://place.map.kakao.com/10340258,영화
청춘극장,"문화,예술 > 영화,영상 > 영화관",서울 중구 충정로1가 68,http://place.map.kakao.com/13498855,문화생활
서울영화센터 (2025년 11월 예정),"문화,예술 > 영화,영상 > 영화관",서울 중구 초동 64-11,http://place.map.kakao.com/182459246,문화생활
을지영화관,"문화,예술 > 영화,영상 > 영화관",서울 중구 을지로3가 315-12,http://place.map.kakao.com/2030685060,문화생활
필름포럼,"문화,예술 > 영화,영상 > 영화관",서울 서대문구 대신동 85-1,http://place.map.kakao.com/17734296,문화생활
아트하우스모모,"문화,예술 > 영화,영상 > 영화관",서울 서대문구 대현동 11-1,http://place.map.kakao.com/10610128,문화생활
영화관옆 호프집,"음식점 > 술집 > 호프,요리주점",서울 종로구 돈의동 136,http://place.map.kakao.com/1296988741,술집
팝스DVD영화관,"가정,생활 > 여가시설 > 비디오방,DVD감상실",서울 용산구 동자동 43-50,http://place.map.kakao.com/17012361,기타
천년동안도 종각,음식점 > 카페 > 테마카페 > 라이브카페,서울 종로구 관철동 7-16,http://place.map.kakao.com/1352752034,카페
KOTTON SEOUL,음식점 > 카페,서울 종로구 관훈동 83-2,http://place.map.kakao.com/127029191,카페
어니언 안국,음식점 > 카페,서울 종로구 계동 146-1,http://place.map.kakao.com/853028118,카페
에디션엠,음식점 > 카페 > 커피전문점,서울 종로구 명륜4가 103-10,http://place.map.kakao.com/1761099960,카페
미라보쇼콜라,음식점 > 카페 > 커피전문점,서울 종로구 체부동 88-2,http://place.map.kakao.com/26436728,카페
스타벅스 종로R점,음식점 > 카페 > 커피전문점 > 스타벅스,서울 종로구 종로2가 6,http://place.map.kakao.com/1784996243,카페
테라로사 광화문점,음식점 > 카페 > 커피전문점,서울 종로구 중학동 19,http://place.map.kakao.com/24725284,카페
서울커피 익선점,음식점 > 카페,서울 종로구 익선동 166-31,http://place.map.kakao.com/1202876840,카페
번트 서울,음식점 > 카페 > 테마카페 > 디저트카페,서울 종로구 장사동 182-2,http://place.map.kakao.com/1829417602,카페
반쥴,음식점 > 카페 > 커피전문점,서울 종로구 관철동 12-16,http://place.map.kakao.com/10405822,카페
더쌍화,음식점 > 카페 > 전통찻집,서울 종로구 종로5가 265-18,http://place.map.kakao.com/308983214,카페
가비아노,음식점 > 카페 > 커피전문점,서울 종로구 동숭동 1-28,http://place.map.kakao.com/8108237,카페
커피한약방 혜화점,음식점 > 카페 > 커피전문점,서울 종로구 동숭동 130-17,http://place.map.kakao.com/1670739315,카페
경인미술관 전통다원,음식점 > 카페 > 전통찻집,서울 종로구 관훈동 30-1,http://place.map.kakao.com/21233626,카페
도트블랭킷,음식점 > 카페,서울 종로구 안국동 83,http://place.map.kakao.com/320882660,카페
강아지대학로,음식점 > 카페 > 테마카페 > 애견카페,서울 종로구 동숭동 1-139,http://place.map.kakao.com/1313717524,카페
카페드람브르,음식점 > 카페 > 커피전문점,서울 종로구 종로2가 75-8,http://place.map.kakao.com/14578875,카페
스타벅스 경희궁로점,음식점 > 카페 > 커피전문점 > 스타벅스,서울 종로구 당주동 128-27,http://place.map.kakao.com/506743578,카페
학림다방,음식점 > 카페,서울 종로구 명륜4가 94-2,http://place.map.kakao.com/8143287,카페
통인스윗,음식점 > 카페 > 테마카페 > 디저트카페,서울 종로구 통인동 73,http://place.map.kakao.com/85503217,카페
mk2,음식점 > 카페,서울 종로구 창성동 122-2,http://place.map.kakao.com/15815825,카페
이엔갤러리,음식점 > 카페 > 테마카페 > 갤러리카페,서울 종로구 평창동 495-19,http://place.map.kakao.com/1684219944,카페
하늘아래바람,음식점 > 카페 > 커피전문점,서울 종로구 명륜4가 154-12,http://place.map.kakao.com/1741241129,카페
인텔리젠시아 커피 서촌,음식점 > 카페 > 커피전문점,서울 종로구 통의동 105,http://place.map.kakao.com/200488480,카페
스태픽스,음식점 > 카페,서울 종로구 필운동 32-1,http://place.map.kakao.com/1508329235,카페
에이치커피로스터스 서촌,음식점 > 카페,서울 종로구 누하동 104,http://place.map.kakao.com/195694628,카페
산모퉁이,음식점 > 카페,서울 종로구 부암동 97-5,http://place.map.kakao.com/7912367,카페
브라운에비뉴,음식점 > 카페 > 커피전문점,서울 종로구 명륜2가 237,http://place.map.kakao.com/295738267,카페
탐앤탐스 종로5가점,음식점 > 카페 > 커피전문점 > 탐앤탐스,서울 종로구 종로4가 9-1,http://place.map.kakao.com/27545003,카페
스타벅스 주얼리시티점,음식점 > 카페 > 커피전문점 > 스타벅스,서울 종로구 인의동 48-2,http://place.map.kakao.com/7962128,카페
대충유원지 인왕산,음식점 > 카페,서울 종로구 누하동 22,http://place.map.kakao.com/1882706147,카페
커피원,음식점 > 카페 > 테마카페 > 디저트카페,서울 종로구 신문로1가 238,http://place.map.kakao.com/145128148,카페
가을,음식점 > 카페 > 테마카페 > 라이브카페,서울 종로구 당주동 15-7,http://place.map.kakao.com/10117988,카페
라이브클럽소우,음식점 > 카페 > 테마카페 > 라이브카페,서울 종로구 수송동 71-1,http://place.map.kakao.com/7959898,카페
세이지핀치,음식점 > 카페,서울 종로구 필운동 82-1,http://place.map.kakao.com/11783888,카페
청수당 베이커리,음식점 > 카페 > 테마카페 > 디저트카페,서울 종로구 익선동 144,http://place.map.kakao.com/78911659,카페
커피빈 대학로마로니에점,음식점 > 카페 > 커피전문점 > 커피빈,서울 종로구 동숭동 1-95,http://place.map.kakao.com/17101532,카페
아키비스트,음식점 > 카페,서울 종로구 효자동 164-7,http://place.map.kakao.com/1429224581,카페
개뿔,음식점 > 카페 > 테마카페 > 갤러리카페,서울 종로구 이화동 9-443,http://place.map.kakao.com/890843625,카페
라카페갤러리,음식점 > 카페 > 테마카페 > 갤러리카페,서울 종로구 통의동 10,http://place.map.kakao.com/17382138,카페
꽃이피움,음식점 > 카페,서울 종로구 관훈동 151-4,http://place.map.kakao.com/1931287894,카페
백세주마을 종각점,"음식점 > 술집 > 호프,요리주점",서울 종로구 관철동 256,http://place.map.kakao.com/24528299,술집
교동전선생 종로구청점,"음식점 > 술집 > 호프,요리주점 > 교동전선생",서울 종로구 청진동 2-3,http://place.map.kakao.com/22283059,술집
대한맥주집 대학로본점,"음식점 > 술집 > 호프,요리주점",서울 종로구 명륜4가 70-4,http://place.map.kakao.com/26593175,술집
이리오너라,"음식점 > 술집 > 호프,요리주점",서울 종로구 관철동 12-15,http://place.map.kakao.com/13322158,술집
낭만 종각 직영점,음식점 > 술집,서울 종로구 관철동 32-1,http://place.map.kakao.com/1853641286,술집
차니오뎅,음식점 > 술집 > 오뎅바,서울 종로구 동숭동 1-47,http://place.map.kakao.com/27583091,술집
서울집시,"음식점 > 술집 > 호프,요리주점",서울 종로구 권농동 182-6,http://place.map.kakao.com/1191323603,술집
타펠룬데 서울,음식점 > 술집 > 와인바,서울 종로구 내자동 132,http://place.map.kakao.com/1812014619,술집
키모토,음식점 > 술집 > 일본식주점,서울 종로구 연지동 258-18,http://place.map.kakao.com/2071677523,술집
종로주막,"음식점 > 술집 > 호프,요리주점",서울 종로구 관철동 256,http://place.map.kakao.com/1426990333,술집
오무사,음식점 > 술집 > 와인바,서울 종로구 옥인동 47-56,http://place.map.kakao.com/1427323184,술집
무지개호프,"음식점 > 술집 > 호프,요리주점",서울 종로구 창신동 567,http://place.map.kakao.com/16790035,술집
달막달막,"음식점 > 술집 > 호프,요리주점",서울 종로구 관훈동 118-20,http://place.map.kakao.com/1230183870,술집
안주마을,"음식점 > 술집 > 호프,요리주점",서울 종로구 내자동 1-2,http://place.map.kakao.com/16983115,술집
주유별장,"음식점 > 술집 > 호프,요리주점",서울 종로구 청진동 246,http://place.map.kakao.com/27437215,술집
하나마토 대학로혜화점,음식점 > 술집 > 일본식주점,서울 종로구 혜화동 139-1,http://place.map.kakao.com/2109059798,술집
바420,음식점 > 술집 > 와인바,서울 종로구 관수동 161-7,http://place.map.kakao.com/1800161504,술집
꽃피는산골,"음식점 > 술집 > 호프,요리주점",서울 종로구 인사동 232,http://place.map.kakao.com/8198304,술집
독일주택,"음식점 > 술집 > 호프,요리주점",서울 종로구 명륜4가 45-1,http://place.map.kakao.com/25463398,술집
청계천휴,"음식점 > 술집 > 호프,요리주점",서울 종로구 관철동 32-7,http://place.map.kakao.com/1334424022,술집
고엔,음식점 > 술집 > 일본식주점,서울 종로구 명륜2가 8-30,http://place.map.kakao.com/16645794,술집
참,음식점 > 술집 > 칵테일바,서울 종로구 통인동 135-5,http://place.map.kakao.com/939585270,술집
서촌블루스,음식점 > 술집 > 와인바,서울 종로구 체부동 39-2,http://place.map.kakao.com/27301443,술집
심산애,"음식점 > 술집 > 호프,요리주점",서울 종로구 필운동 205-1,http://place.map.kakao.com/16003923,술집
프루츠 대학로점,"음식점 > 술집 > 호프,요리주점",서울 종로구 명륜2가 184,http://place.map.kakao.com/1495437231,술집
푸른별주막,"음식점 > 술집 > 호프,요리주점",서울 종로구 관훈동 118-13,http://place.map.kakao.com/12137255,술집
이자카야나무 종각점,음식점 > 술집 > 일본식주점,서울 종로구 관철동 43-6,http://place.map.kakao.com/742894106,술집
이화주막,"음식점 > 술집 > 호프,요리주점",서울 종로구 돈의동 109,http://place.map.kakao.com/11162747,술집
치치 대학로점,"음식점 > 술집 > 호프,요리주점",서울 종로구 동숭동 1-57,http://place.map.kakao.com/27588021,술집
명륜포차,음식점 > 술집 > 실내포장마차,서울 종로구 명륜4가 18-5,http://place.map.kakao.com/24049166,술집
갓포우오 종각점,음식점 > 술집 > 일본식주점,서울 종로구 관철동 45-1,http://place.map.kakao.com/464435127,술집
노가리랩소디,"음식점 > 술집 > 호프,요리주점",서울 종로구 종로5가 104-4,http://place.map.kakao.com/1031909598,술집
한사발포차 종각점,음식점 > 술집 > 실내포장마차,서울 종로구 관철동 11-1,http://place.map.kakao.com/2142569683,술집
한사발,음식점 > 술집 > 실내포장마차,서울 종로구 명륜4가 44,http://place.map.kakao.com/1377578288,술집
에일당,"음식점 > 술집 > 호프,요리주점",서울 종로구 익선동 166-34,http://place.map.kakao.com/1167226072,술집
수도원,음식점 > 술집 > 와인바,서울 종로구 동숭동 50-11,http://place.map.kakao.com/27559253,술집
"비틀비틀,비틀스타코 서순라점",음식점 > 술집 > 와인바,서울 종로구 권농동 189-2,http://place.map.kakao.com/925152010,술집
관수동전집,"음식점 > 술집 > 호프,요리주점",서울 종로구 관수동 77-1,http://place.map.kakao.com/24047583,술집
서울코미디클럽,"음식점 > 술집 > 호프,요리주점",서울 종로구 관철동 15-1,http://place.map.kakao.com/613321713,술집
똥고집 대학로본점,"음식점 > 술집 > 호프,요리주점",서울 종로구 동숭동 1-139,http://place.map.kakao.com/17714066,술집
종로술집,"음식점 > 술집 > 호프,요리주점",서울 종로구 묘동 18,http://place.map.kakao.com/567559033,술집
무제,"음식점 > 술집 > 호프,요리주점",서울 종로구 종로6가 201-3,http://place.map.kakao.com/38227910,술집
동네별장,"음식점 > 술집 > 호프,요리주점",서울 종로구 명륜2가 174-1,http://place.map.kakao.com/24047978,술집
이마리,음식점 > 술집 > 일본식주점,서울 종로구 체부동 120-14,http://place.map.kakao.com/18238273,술집
파사드패턴,"가정,생활 > 패션 > 의류판매 > 여성의류",서울 성동구 성수동1가 72-64,http://place.map.kakao.com/494776842,쇼핑
배럴 성수플래그십스토어점,"가정,생활 > 패션 > 의류판매 > 스포츠의류 > 배럴",서울 성동구 성수동1가 656-967,http://place.map.kakao.com/2116330903,쇼핑
쿠어 성수 플래그쉽 스토어,"가정,생활 > 패션 > 의류판매",서울 성동구 성수동1가 16-26,http://place.map.kakao.com/1238737692,쇼핑
세터 서울숲점,"가정,생활 > 패션 > 의류판매 > 여성의류 > 세터",서울 성동구 성수동1가 22-35,http://place.map.kakao.com/952047030,쇼핑
2XU 플래그십 스토어 서울숲점,"가정,생활 > 패션 > 의류판매 > 스포츠의류",서울 성동구 성수동1가 685-442,http://place.map.kakao.com/1265943011,쇼핑
UFC스포츠 성수점,"가정,생활 > 패션 > 의류판매 > 스포츠의류 > UFC스포츠",서울 성동구 성수동1가 656-75,http://place.map.kakao.com/528505787,쇼핑
레이브스튜디오 성수,"가정,생활 > 패션 > 의류판매",서울 성동구 성수동1가 16-40,http://place.map.kakao.com/594486695,쇼핑
리치무드 성수쇼룸,"가정,생활 > 패션 > 의류판매",서울 성동구 성수동1가 668-7,http://place.map.kakao.com/1472133512,쇼핑
아비에무아 성수서울숲스토어,"가정,생활 > 패션 > 의류판매",서울 성동구 성수동1가 685-452,http://place.map.kakao.com/1285516342,쇼핑
룩캐스트 성수점,"가정,생활 > 패션 > 의류판매 > 여성의류",서울 성동구 성수동1가 14-80,http://place.map.kakao.com/1212645114,쇼핑
도쿄유즈드 성수점,"가정,생활 > 패션 > 의류판매",서울 성동구 성수동1가 308-2,http://place.map.kakao.com/425364791,쇼핑
젝시믹스,"가정,생활 > 패션 > 의류판매 > 스포츠의류",서울 성동구 성수동1가 8-6,http://place.map.kakao.com/1607994479,쇼핑
어데케이드,"가정,생활 > 패션 > 의류판매",서울 성동구 성수동1가 668-1,http://place.map.kakao.com/1580134402,쇼핑
포레포레 서울숲플래그쉽스토어,"가정,생활 > 패션 > 의류판매 > 아동복,유아복",서울 성동구 성수동1가 668-104,http://place.map.kakao.com/610910446,쇼핑
스쿨룩스 성동점,"가정,생활 > 패션 > 의류판매 > 단체복,유니폼 > 스쿨룩스",서울 성동구 성수동1가 22-28,http://place.map.kakao.com/1349761504,쇼핑
다니엘트루스 퍼퓸하우스 인 성수,"가정,생활 > 미용 > 화장품 > 향수",서울 성동구 성수동1가 16-20,http://place.map.kakao.com/229185820,쇼핑
논픽션 성수,"가정,생활 > 미용 > 화장품",서울 성동구 성수동1가 16-33,http://place.map.kakao.com/1826174921,쇼핑
클리오,"가정,생활 > 미용 > 화장품",서울 성동구 성수동1가 656-447,http://place.map.kakao.com/24451926,쇼핑
조향사의 집 The House of Perfumer,"가정,생활 > 미용 > 화장품 > 향수",서울 성동구 성수동1가 656-570,http://place.map.kakao.com/1020747898,쇼핑
레트르 서울숲,"가정,생활 > 미용 > 화장품 > 향수",서울 성동구 성수동1가 668-40,http://place.map.kakao.com/252849145,쇼핑
아닐로 성수,"가정,생활 > 미용 > 화장품",서울 성동구 성수동1가 16-34,http://place.map.kakao.com/193688440,쇼핑
울트라브이,"가정,생활 > 미용 > 화장품",서울 성동구 성수동1가 656-603,http://place.map.kakao.com/20493472,쇼핑
딥티크 성수 부티크,"가정,생활 > 미용 > 화장품 > 향수",서울 성동구 성수동1가 16-41,http://place.map.kakao.com/1857458827,쇼핑
성수향수공방 닷노트,"가정,생활 > 미용 > 화장품 > 향수",서울 성동구 성수동1가 16-22,http://place.map.kakao.com/744863748,쇼핑
어뮤즈 성수플래그십스토어,"가정,생활 > 미용 > 화장품",서울 성동구 성수동1가 16-32,http://place.map.kakao.com/1655131369,쇼핑
라오크 성수점,"가정,생활 > 미용 > 화장품 > 향수",서울 성동구 성수동1가 668-64,http://place.map.kakao.com/235674671,쇼핑
에스엘라이프,"가정,생활 > 미용 > 화장품",서울 성동구 성수동1가 656-3,http://place.map.kakao.com/619694948,쇼핑
애터미,"가정,생활 > 미용 > 화장품",서울 성동구 성수동1가 656-395,http://place.map.kakao.com/1307805778,쇼핑
아쿠아델엘바 서울숲,"가정,생활 > 미용 > 화장품 > 향수",서울 성동구 성수동1가 668-40,http://place.map.kakao.com/1269467094,쇼핑
섬세이,"가정,생활 > 미용 > 화장품",서울 성동구 성수동1가 668-117,http://place.map.kakao.com/72719514,쇼핑
올리브영 뚝섬역점,"가정,생활 > 드럭스토어 > 올리브영",서울 성동구 성수동1가 656-1731,http://place.map.kakao.com/1671620494,쇼핑
올리브영 서울숲역점,"가정,생활 > 드럭스토어 > 올리브영",서울 성동구 성수동1가 656-335,http://place.map.kakao.com/338468450,쇼핑
올리브영 N성수,"가정,생활 > 드럭스토어 > 올리브영",서울 성동구 성수동2가 314-11,http://place.map.kakao.com/1287282217,쇼핑
올리브영 성수역점,"가정,생활 > 드럭스토어 > 올리브영",서울 성동구 성수동2가 300-65,http://place.map.kakao.com/27197084,쇼핑
올리브영 성수연방점,"가정,생활 > 드럭스토어 > 올리브영",서울 성동구 성수동2가 322-4,http://place.map.kakao.com/617672793,쇼핑
올리브영 압구정로데오점,"가정,생활 > 드럭스토어 > 올리브영",서울 강남구 신사동 661-17,http://place.map.kakao.com/19730259,쇼핑
올리브영 압구정로데오역점,"가정,생활 > 드럭스토어 > 올리브영",서울 강남구 신사동 665-4,http://place.map.kakao.com/1357165713,쇼핑
올리브영 청담사거리점,"가정,생활 > 드럭스토어 > 올리브영",서울 강남구 청담동 125-20,http://place.map.kakao.com/18567845,쇼핑
올리브영 건대커먼그라운드점,"가정,생활 > 드럭스토어 > 올리브영",서울 광진구 자양동 17-1,http://place.map.kakao.com/331118497,쇼핑
올리브영 금호점,"가정,생활 > 드럭스토어 > 올리브영",서울 성동구 금호동4가 548-1,http://place.map.kakao.com/27406779,쇼핑
올리브영 압구정역점,"가정,생활 > 드럭스토어 > 올리브영",서울 강남구 신사동 611,http://place.map.kakao.com/11910220,쇼핑
올리브영 학동중앙점,"가정,생활 > 드럭스토어 > 올리브영",서울 강남구 논현동 93,http://place.map.kakao.com/693697299,쇼핑
올리브영 왕십리역사점,"가정,생활 > 드럭스토어 > 올리브영",서울 성동구 행당동 168-151,http://place.map.kakao.com/18276106,쇼핑
올리브영 압구정점,"가정,생활 > 드럭스토어 > 올리브영",서울 강남구 신사동 580-5,http://place.map.kakao.com/11910221,쇼핑
올리브영 압구정중앙점,"가정,생활 > 드럭스토어 > 올리브영",서울 강남구 신사동 599,http://place.map.kakao.com/21459684,쇼핑
갤러리아백화점 WEST점,"가정,생활 > 백화점 > 갤러리아백화점",서울 강남구 압구정동 494,http://place.map.kakao.com/11268763,쇼핑
갤러리아백화점 EAST점,"가정,생활 > 백화점 > 갤러리아백화점",서울 강남구 압구정동 515,http://place.map.kakao.com/9766149,쇼핑
현대백화점 압구정본점,"가정,생활 > 백화점 > 현대백화점",서울 강남구 압구정동 429,http://place.map.kakao.com/21297272,쇼핑
롯데백화점 건대스타시티점,"가정,생활 > 백화점 > 롯데백화점",서울 광진구 자양동 227-342,http://place.map.kakao.com/13113512,쇼핑
축산백화점,"가정,생활 > 식품판매 > 정육점",서울 성동구 응봉동 228-28,http://place.map.kakao.com/12150964,기타
갤러리아백화점 명품관 WEST 구찌,"가정,생활 > 패션 > 패션잡화점 > 구찌",서울 강남구 압구정동 494,http://place.map.kakao.com/22320320,기타
아워글래스 갤러리아백화점 압구정점,"가정,생활 > 미용 > 화장품",서울 강남구 압구정동 494,http://place.map.kakao.com/594331926,쇼핑
아크레도 갤러리아백화점명품관WEST점,"가정,생활 > 패션 > 보석,귀금속",서울 강남구 압구정동 494,http://place.map.kakao.com/940002920,기타
갤러리아 백화점 샤넬 화장품,"가정,생활 > 미용 > 화장품",서울 강남구 압구정동 494,http://place.map.kakao.com/1786500037,쇼핑
갤러리아백화점 샤넬 부티크,"가정,생활 > 패션 > 패션잡화점",서울 강남구 압구정동 515,http://place.map.kakao.com/27583355,기타
갤러리아백화점 명품관 카드센터,"서비스,산업 > 전문대행 > 고객관리,TM",서울 강남구 압구정동 494,http://place.map.kakao.com/10126731,기타
갤러리아 백화점 샤넬 슈 부티크,"가정,생활 > 패션 > 패션잡화점",서울 강남구 압구정동 494,http://place.map.kakao.com/1158696235,기타
할머니의레시피,음식점 > 한식,서울 성동구 성수동1가 668-108,http://place.map.kakao.com/27373628,음식점
호호식당 성수동점,음식점 > 일식,서울 성동구 성수동1가 668-22,http://place.map.kakao.com/1054118175,음식점
밀도 성수본점,"음식점 > 간식 > 제과,베이커리",서울 성동구 성수동1가 656-442,http://place.map.kakao.com/27300932,음식점
파머스카페,음식점 > 카페,서울 성동구 성수동1가 656-1083,http://place.map.kakao.com/27408657,카페
서울숲누룽지통닭구이,음식점 > 치킨,서울 성동구 성수동1가 656-940,http://place.map.kakao.com/27417406,음식점
키베이커리,"음식점 > 간식 > 제과,베이커리",서울 성동구 성수동1가 656-95,http://place.map.kakao.com/1367836895,음식점
대성갈비,"음식점 > 한식 > 육류,고기 > 갈비",서울 성동구 성수동1가 656-591,http://place.map.kakao.com/12055448,음식점
성수동간판없는집,"음식점 > 한식 > 육류,고기 > 닭요리",서울 성동구 성수동1가 14-70,http://place.map.kakao.com/15225276,음식점
이태리차차,음식점 > 양식 > 이탈리안,서울 성동구 성수동1가 16-25,http://place.map.kakao.com/1272791908,음식점
맛차차 (휴업중),음식점 > 카페,서울 성동구 성수동1가 685-450,http://place.map.kakao.com/505665583,카페
훼미리손칼국수보쌈,"음식점 > 한식 > 육류,고기 > 족발,보쌈",서울 성동구 성수동1가 656-970,http://place.map.kakao.com/20746195,음식점
성수베이킹스튜디오,"음식점 > 간식 > 제과,베이커리",서울 성동구 성수동1가 668-123,http://place.map.kakao.com/799001769,음식점
태성골뱅이 성수점,"음식점 > 술집 > 호프,요리주점",서울 성동구 성수동1가 656-483,http://place.map.kakao.com/2131717888,술집
오레노카츠 성수본점,"음식점 > 일식 > 돈까스,우동",서울 성동구 성수동1가 16-8,http://place.map.kakao.com/2125770186,음식점
무색 MUSAEK,음식점 > 일식,서울 성동구 성수동1가 14-44,http://place.map.kakao.com/232126548,음식점
서울숲 곤충식물원,"여행 > 관광,명소 > 수목원,식물원",서울 성동구 성수동1가 685-715,http://place.map.kakao.com/13127878,관광명소
서울숲 한강 전망대,"여행 > 관광,명소 > 전망대",서울 성동구 성수동1가 700-1,http://place.map.kakao.com/1889582026,관광명소
서울숲 생태숲,"여행 > 관광,명소 > 생태보존,서식지",서울 성동구 성수동1가 699-2,http://place.map.kakao.com/17560306,관광명소
광야숲,"여행 > 관광,명소",서울 성동구 성수동1가 720,http://place.map.kakao.com/430154266,관광명소
서울숲공원산책길,"여행 > 관광,명소 > 도보여행",서울 성동구 성수동1가,http://place.map.kakao.com/26563608,관광명소
서울숲 거울연못,"여행 > 관광,명소 > 연못",서울 성동구 성수동1가 645-2,http://place.map.kakao.com/18059744,관광명소
성수대교참사 희생자위령비,"여행 > 관광,명소 > 문화유적 > 탑,비석",서울 성동구 성수동1가 685-571,http://place.map.kakao.com/23394952,관광명소
서울숲 느린산책의정원,"여행 > 관광,명소",서울 성동구 성수동1가 720,http://place.map.kakao.com/1653556996,관광명소
서울숲 은행나무숲,"여행 > 관광,명소 > 숲",서울 성동구 성수동1가 678-4,http://place.map.kakao.com/17563475,관광명소
제이홉숲,"여행 > 관광,명소",서울 성동구 성수동1가 720,http://place.map.kakao.com/1713892467,관광명소
디뮤지엄,"문화,예술 > 문화시설 > 미술관",서울 성동구 성수동1가 685-700,http://place.map.kakao.com/27117824,문화생활
성수문화예술마당,"문화,예술 > 문화시설",서울 성동구 성수동1가 683,http://place.map.kakao.com/278137902,문화생활
언더스탠드에비뉴,"문화,예술 > 문화시설",서울 성동구 성수동1가 685-704,http://place.map.kakao.com/27097131,문화생활
뚝섬미술관,"문화,예술 > 문화시설 > 미술관",서울 성동구 성수동1가 656-281,http://place.map.kakao.com/702509231,문화생활
성수아트홀,"문화,예술 > 문화시설 > 공연장,연극극장",서울 성동구 성수동1가 656-323,http://place.map.kakao.com/18245172,문화생활
서울숲씨어터,"문화,예술 > 문화시설 > 공연장,연극극장",서울 성동구 성수동1가 685-696,http://place.map.kakao.com/1772440780,문화생활
수도박물관,"문화,예술 > 문화시설 > 박물관",서울 성동구 성수동1가 642-1,http://place.map.kakao.com/10376369,문화생활
더페이지갤러리,"문화,예술 > 문화시설 > 미술관",서울 성동구 성수동1가 685-696,http://place.map.kakao.com/24987698,문화생활
거꾸로하우스 성수,"문화,예술 > 문화시설",서울 성동구 성수동1가 683,http://place.map.kakao.com/546008521,문화생활
디타워 서울포레스트,"문화,예술 > 문화시설",서울 성동구 성수동1가 685-700,http://place.map.kakao.com/206584319,문화생활
낫저스트북스,"문화,예술 > 도서 > 서점",서울 성동구 성수동1가 685-400,http://place.map.kakao.com/841054909,문화생활
뚝도아리수정수센터 수도박물관,"문화,예술 > 문화시설 > 박물관",서울 성동구 성수동1가 642-1,http://place.map.kakao.com/683068079,문화생활
코사이어티 서울숲점,"문화,예술 > 문화시설 > 전시관",서울 성동구 성수동1가 658-5,http://place.map.kakao.com/1292703398,문화생활
헤르만아트홀,"문화,예술 > 문화시설 > 공연장,연극극장",서울 성동구 성수동1가 13-163,http://place.map.kakao.com/31964225,문화생활
본다빈치뮤지엄 서울숲,"문화,예술 > 문화시설 > 미술관",서울 성동구 성수동1가 685-696,http://place.map.kakao.com/725771528,문화생활
메가박스 성수,"문화,예술 > 영화,영상 > 영화관 > 메가박스",서울 성동구 성수동1가 656-335,http://place.map.kakao.com/592835736,영화
무비랜드,"문화,예술 > 영화,영상 > 영화관",서울 성동구 성수동2가 301-63,http://place.map.kakao.com/734967892,문화생활
CGV 건대입구,"문화,예술 > 영화,영상 > 영화관 > CGV",서울 광진구 자양동 9-4,http://place.map.kakao.com/1057410264,영화
CGV 청담씨네시티,"문화,예술 > 영화,영상 > 영화관 > CGV",서울 강남구 신사동 651-21,http://place.map.kakao.com/14718298,영화
CGV 왕십리,"문화,예술 > 영화,영상 > 영화관 > CGV",서울 성동구 행당동 168-151,http://place.map.kakao.com/7992952,영화
CGV씨네드쉐프 압구정,"문화,예술 > 영화,영상 > 영화관 > CGV",서울 강남구 신사동 602,http://place.map.kakao.com/7973004,영화
CGV 압구정 본관,"문화,예술 > 영화,영상 > 영화관 > CGV",서울 강남구 신사동 603-2,http://place.map.kakao.com/1960427056,영화
CGV 압구정,"문화,예술 > 영화,영상 > 영화관 > CGV",서울 강남구 신사동 602,http://place.map.kakao.com/2017438478,영화
롯데시네마 건대입구,"문화,예술 > 영화,영상 > 영화관 > 롯데시네마",서울 광진구 자양동 227-7,http://place.map.kakao.com/21304567,영화
KU시네마테크,"문화,예술 > 영화,영상 > 영화관",서울 광진구 화양동 1,http://place.map.kakao.com/12817416,문화생활
픽쳐하우스,"문화,예술 > 영화,영상 > 영화관",서울 강남구 신사동 532-1,http://place.map.kakao.com/485285611,문화생활
디아드아너스,"문화,예술 > 영화,영상 > 영화관",서울 강남구 신사동 631-13,http://place.map.kakao.com/1665406362,문화생활
엘티띵크,"서비스,산업 > 정보통신",서울 동대문구 장안동 409-6,http://place.map.kakao.com/302690590,기타
슈퍼말차 성수,음식점 > 카페,서울 성동구 성수동1가 668-9,http://place.map.kakao.com/2077832392,카페
메쉬커피,음식점 > 카페 > 커피전문점,서울 성동구 성수동1가 685-307,http://place.map.kakao.com/1941275560,카페
에이치커피로스터스,음식점 > 카페,서울 성동구 성수동1가 13-203,http://place.map.kakao.com/405814203,카페
크림라벨,음식점 > 카페 > 테마카페 > 디저트카페,서울 성동구 성수동1가 668-110,http://place.map.kakao.com/402240184,카페
세이버 앤 페이버,음식점 > 카페 > 커피전문점,서울 성동구 성수동1가 27-16,http://place.map.kakao.com/746960786,카페
폴인레미유 성수점,음식점 > 카페,서울 성동구 성수동1가 656-1004,http://place.map.kakao.com/623541475,카페
베르그 서울숲,음식점 > 카페,서울 성동구 성수동1가 668-42,http://place.map.kakao.com/718080084,카페
섬타르 서울숲,음식점 > 카페 > 테마카페 > 디저트카페,서울 성동구 성수동1가 685-484,http://place.map.kakao.com/2146977772,카페
센터커피 서울숲점,음식점 > 카페 > 커피전문점,서울 성동구 성수동1가 685-478,http://place.map.kakao.com/286483883,카페
푸르너스가든 서울숲점,음식점 > 카페,서울 성동구 성수동1가 668-109,http://place.map.kakao.com/24660459,카페
바이닐 성수,음식점 > 카페,서울 성동구 성수동1가 656-1112,http://place.map.kakao.com/376746050,카페
그린룸,음식점 > 카페,서울 성동구 성수동1가 656-947,http://place.map.kakao.com/1545128179,카페
고스티,음식점 > 카페,서울 성동구 성수동1가 13-320,http://place.map.kakao.com/754835923,카페
웨스트사이드,음식점 > 술집 > 와인바,서울 성동구 성수동1가 229-2,http://place.map.kakao.com/883575794,술집
곡성,음식점 > 술집 > 와인바,서울 성동구 성수동1가 99-1,http://place.map.kakao.com/89046784,술집
술있는식탁,"음식점 > 술집 > 호프,요리주점",서울 성동구 성수동1가 656-695,http://place.map.kakao.com/1277534745,술집
어메이징브루잉컴퍼니 성수브루펍,"음식점 > 술집 > 호프,요리주점",서울 성동구 성수동1가 27-12,http://place.map.kakao.com/27474832,술집
아도르,음식점 > 술집 > 와인바,서울 성동구 성수동1가 656-80,http://place.map.kakao.com/800405439,술집
울루울루,음식점 > 술집 > 칵테일바,서울 성동구 성수동1가 13-428,http://place.map.kakao.com/1668839990,술집
이로우,음식점 > 술집 > 일본식주점,서울 성동구 성수동1가 16-27,http://place.map.kakao.com/1855258755,술집
사운드 플래닛,음식점 > 술집 > 칵테일바,서울 성동구 성수동1가 668-19,http://place.map.kakao.com/374013380,술집
현심야식당,음식점 > 술집 > 일본식주점,서울 성동구 성수동1가 8,http://place.map.kakao.com/146394588,술집
감요,"음식점 > 술집 > 호프,요리주점",서울 성동구 성수동1가 8-17,http://place.map.kakao.com/2009839488,술집
성수스타우트,"음식점 > 술집 > 호프,요리주점",서울 성동구 성수동1가 656-938,http://place.map.kakao.com/27392876,술집
독보,"음식점 > 술집 > 호프,요리주점",서울 성동구 성수동1가 13-137,http://place.map.kakao.com/281596702,술집
유어네이키드치즈,음식점 > 술집 > 와인바,서울 성동구 성수동1가 656-439,http://place.map.kakao.com/796843799,술집
6시9분,음식점 > 술집 > 칵테일바,서울 성동구 성수동1가 668-38,http://place.map.kakao.com/1815356520,술집
유니클로 신사점,"가정,생활 > 패션 > 의류판매 > 유니클로",서울 강남구 신사동 539-11,http://place.map.kakao.com/1316069024,쇼핑
ZARA 스타필드코엑스점,"가정,생활 > 패션 > 의류판매 > 수입의류 > ZARA",서울 강남구 삼성동 159,http://place.map.kakao.com/26908227,쇼핑
유니클로 스타필드코엑스몰점,"가정,생활 > 패션 > 의류판매 > 유니클로",서울 강남구 삼성동 159,http://place.map.kakao.com/9320408,쇼핑
나이키 강남플래그쉽스토어,"가정,생활 > 패션 > 의류판매 > 스포츠의류 > 나이키",서울 강남구 역삼동 814-1,http://place.map.kakao.com/24755733,쇼핑
유니클로 롯데백화점강남점,"가정,생활 > 패션 > 의류판매 > 유니클로",서울 강남구 대치동 937,http://place.map.kakao.com/27575796,쇼핑
스파오 강남점,"가정,생활 > 패션 > 의류판매 > 스파오",서울 강남구 역삼동 815-9,http://place.map.kakao.com/27376110,쇼핑
아디다스 강남브랜드센터,"가정,생활 > 패션 > 의류판매 > 스포츠의류 > 아디다스",서울 강남구 역삼동 808,http://place.map.kakao.com/71110315,쇼핑
나이키 조던서울점,"가정,생활 > 패션 > 의류판매 > 스포츠의류 > 나이키",서울 강남구 신사동 530-5,http://place.map.kakao.com/1567014807,쇼핑
나이키 임플로이스토어점,"가정,생활 > 패션 > 의류판매 > 스포츠의류 > 나이키",서울 강남구 역삼동 737,http://place.map.kakao.com/233353227,쇼핑
나이키 압구정점,"가정,생활 > 패션 > 의류판매 > 스포츠의류 > 나이키",서울 강남구 신사동 664-11,http://place.map.kakao.com/731093005,쇼핑
나이키 골프압구정점,"가정,생활 > 패션 > 의류판매 > 스포츠의류 > 나이키",서울 강남구 신사동 627-12,http://place.map.kakao.com/765277182,쇼핑
에잇세컨즈 가로수길점,"가정,생활 > 패션 > 의류판매 > 에잇세컨즈",서울 강남구 신사동 535-12,http://place.map.kakao.com/17089990,쇼핑
미쏘 강남플래그샵,"가정,생활 > 패션 > 의류판매 > 미쏘",서울 강남구 역삼동 815,http://place.map.kakao.com/12736243,쇼핑
에잇세컨즈 강남대로점,"가정,생활 > 패션 > 의류판매 > 에잇세컨즈",서울 강남구 역삼동 816,http://place.map.kakao.com/446816755,쇼핑
나이키 스타필드코엑스점,"가정,생활 > 패션 > 의류판매 > 스포츠의류 > 나이키",서울 강남구 삼성동 159,http://place.map.kakao.com/26326478,쇼핑
탬버린즈 플래그십스토어 신사점,"가정,생활 > 미용 > 화장품 > 향수",서울 강남구 신사동 520-9,http://place.map.kakao.com/287414553,쇼핑
그랑핸드 도산,"가정,생활 > 미용 > 화장품 > 향수",서울 강남구 신사동 645-16,http://place.map.kakao.com/239875566,쇼핑
이솝코리아,"가정,생활 > 미용 > 화장품",서울 강남구 신사동 651-7,http://place.map.kakao.com/1241291290,쇼핑
딥티크 가로수길 플래그십스토어,"가정,생활 > 미용 > 화장품 > 향수",서울 강남구 신사동 536-16,http://place.map.kakao.com/321174482,쇼핑
탬버린즈 플래그십스토어 하우스 도산점,"가정,생활 > 미용 > 화장품",서울 강남구 신사동 649-8,http://place.map.kakao.com/1916748504,쇼핑
아로마티카 본사,"가정,생활 > 미용 > 화장품",서울 강남구 신사동 524-10,http://place.map.kakao.com/27517144,쇼핑
본느,"가정,생활 > 미용 > 화장품",서울 강남구 대치동 889-51,http://place.map.kakao.com/1257528852,쇼핑
토리든,"가정,생활 > 미용 > 화장품",서울 강남구 논현동 261,http://place.map.kakao.com/1726946597,쇼핑
라이프스타일프로젝트,"가정,생활 > 미용 > 화장품",서울 강남구 논현동 32-19,http://place.map.kakao.com/1500547942,쇼핑
투쿨포스쿨 서울사무소,"가정,생활 > 미용 > 화장품",서울 강남구 신사동 519-23,http://place.map.kakao.com/868333320,쇼핑
SW19 가로수길플래그십,"가정,생활 > 미용 > 화장품 > 향수",서울 강남구 신사동 524-33,http://place.map.kakao.com/1325528893,쇼핑
바이레도 가로수길,"가정,생활 > 미용 > 화장품 > 향수",서울 강남구 신사동 533-1,http://place.map.kakao.com/1264788698,쇼핑
이니스프리 코엑스몰점,"가정,생활 > 미용 > 화장품 > 이니스프리",서울 강남구 삼성동 159-6,http://place.map.kakao.com/13096234,쇼핑
논픽션 신사,"가정,생활 > 미용 > 화장품",서울 강남구 신사동 532-4,http://place.map.kakao.com/1543939713,쇼핑
참존,"가정,생활 > 미용 > 화장품",서울 강남구 역삼동 659-11,http://place.map.kakao.com/9925632,쇼핑
올리브영 강남중앙점,"가정,생활 > 드럭스토어 > 올리브영",서울 강남구 역삼동 826,http://place.map.kakao.com/1843013952,쇼핑
올리브영 역삼점,"가정,생활 > 드럭스토어 > 올리브영",서울 강남구 역삼동 822-5,http://place.map.kakao.com/11910225,쇼핑
올리브영 가로수길 타운,"가정,생활 > 드럭스토어 > 올리브영",서울 강남구 신사동 537-8,http://place.map.kakao.com/979788996,쇼핑
올리브영 선릉역점,"가정,생활 > 드럭스토어 > 올리브영",서울 강남구 역삼동 705-25,http://place.map.kakao.com/15246800,쇼핑
올리브영 봉은사역점,"가정,생활 > 드럭스토어 > 올리브영",서울 강남구 삼성동 107,http://place.map.kakao.com/1608313735,쇼핑
올리브영 강남우성점,"가정,생활 > 드럭스토어 > 올리브영",서울 강남구 역삼동 832-7,http://place.map.kakao.com/13033019,쇼핑
올리브영 수서역점,"가정,생활 > 드럭스토어 > 올리브영",서울 강남구 수서동 713,http://place.map.kakao.com/26984041,쇼핑
올리브영 선릉로점,"가정,생활 > 드럭스토어 > 올리브영",서울 강남구 대치동 889-71,http://place.map.kakao.com/11910208,쇼핑
올리브영 강남논현점,"가정,생활 > 드럭스토어 > 올리브영",서울 강남구 논현동 182-29,http://place.map.kakao.com/741335130,쇼핑
올리브영 코엑스몰점,"가정,생활 > 드럭스토어 > 올리브영",서울 강남구 삼성동 159-6,http://place.map.kakao.com/26510870,쇼핑
올리브영 선릉중앙점,"가정,생활 > 드럭스토어 > 올리브영",서울 강남구 역삼동 707-5,http://place.map.kakao.com/18355803,쇼핑
올리브영 타워팰리스점,"가정,생활 > 드럭스토어 > 올리브영",서울 강남구 도곡동 467-14,http://place.map.kakao.com/899234314,쇼핑
롯데백화점 강남점,"가정,생활 > 백화점 > 롯데백화점",서울 강남구 대치동 937,http://place.map.kakao.com/7863067,쇼핑
현대백화점 무역센터점,"가정,생활 > 백화점 > 현대백화점",서울 강남구 삼성동 159-7,http://place.map.kakao.com/18384587,쇼핑
현대백화점 본사,"가정,생활 > 백화점 > 현대백화점",서울 강남구 대치동 945-11,http://place.map.kakao.com/248088880,쇼핑
신세계백화점 수서역점 (2029년예정),"가정,생활 > 백화점 > 신세계백화점",서울 강남구 수서동 198-2,http://place.map.kakao.com/634189251,쇼핑
캉카스백화점 강남메종,"가정,생활 > 백화점",서울 강남구 삼성동 45-15,http://place.map.kakao.com/26859664,쇼핑
스타필드 더샵스앳센터필드점,"가정,생활 > 백화점",서울 강남구 역삼동 676,http://place.map.kakao.com/33992339,쇼핑
롯데백화점 잠실점,"가정,생활 > 백화점 > 롯데백화점",서울 송파구 잠실동 40-1,http://place.map.kakao.com/26825558,쇼핑
롯데에비뉴엘 잠실점,"가정,생활 > 백화점 > 롯데백화점",서울 송파구 신천동 29,http://place.map.kakao.com/25976553,쇼핑
신세계백화점 강남점,"가정,생활 > 백화점 > 신세계백화점",서울 서초구 반포동 19-3,http://place.map.kakao.com/22386977,쇼핑
롯데백화점 캐슬플라자,"가정,생활 > 백화점 > 롯데백화점",서울 송파구 신천동 7-18,http://place.map.kakao.com/17002824,쇼핑
NC백화점 송파점,"가정,생활 > 백화점 > NC백화점",서울 송파구 문정동 634,http://place.map.kakao.com/13127754,쇼핑
창고43 강남점,"음식점 > 한식 > 육류,고기",서울 강남구 역삼동 826-20,http://place.map.kakao.com/1503746075,음식점
아방궁,음식점 > 중식 > 중국요리,서울 강남구 역삼동 831-32,http://place.map.kakao.com/25550206,음식점
리북집 논현직영점,"음식점 > 한식 > 육류,고기 > 족발,보쌈",서울 강남구 논현동 163-4,http://place.map.kakao.com/12435058,음식점
금수복국 압구정점,"음식점 > 한식 > 해물,생선 > 복어",서울 강남구 신사동 627-13,http://place.map.kakao.com/8203089,음식점
해담채 강남점,음식점 > 한식 > 한정식,서울 강남구 역삼동 823-16,http://place.map.kakao.com/2142723351,음식점
교대이층집 강남역점,"음식점 > 한식 > 육류,고기",서울 강남구 역삼동 831-25,http://place.map.kakao.com/1907052666,음식점
비야게레로,음식점 > 양식,서울 강남구 삼성동 118-21,http://place.map.kakao.com/27271692,음식점
도치피자 강남,음식점 > 양식 > 피자,서울 강남구 역삼동 620-17,http://place.map.kakao.com/14585892,음식점
진전복삼계탕 강남구청점,"음식점 > 한식 > 육류,고기 > 닭요리 > 삼계탕",서울 강남구 논현동 243-5,http://place.map.kakao.com/1117702712,음식점
돝고기506,"음식점 > 한식 > 육류,고기 > 삼겹살",서울 강남구 역삼동 646-15,http://place.map.kakao.com/1511737742,음식점
대가방 본점,음식점 > 중식 > 중국요리,서울 강남구 논현동 278-4,http://place.map.kakao.com/7815078,음식점
별양집,"음식점 > 한식 > 육류,고기 > 곱창,막창",서울 강남구 역삼동 700-33,http://place.map.kakao.com/7891890,음식점
밍글스,음식점 > 한식,서울 강남구 청담동 94-6,http://place.map.kakao.com/24073852,음식점
신동궁감자탕뼈숯불구이 선릉직영점,음식점 > 한식 > 감자탕,서울 강남구 대치동 890-44,http://place.map.kakao.com/11356521,음식점
원조원주추어탕 강남본점,"음식점 > 한식 > 해물,생선 > 추어",서울 강남구 역삼동 809-1,http://place.map.kakao.com/21332166,음식점
서울선릉과정릉,"여행 > 관광,명소 > 문화유적 > 릉,묘,총",서울 강남구 삼성동 131,http://place.map.kakao.com/26967382,관광명소
양재천,"여행 > 관광,명소 > 하천",서울 강남구 도곡동,http://place.map.kakao.com/17154013,관광명소
서울둘레길 9코스 자연생태 유람길,"여행 > 관광,명소 > 도보여행 > 둘레길 > 서울둘레길",서울 강남구 개포동 산 53-1,http://place.map.kakao.com/1302631567,관광명소
대모산,"여행 > 관광,명소 > 산",서울 강남구 일원동,http://place.map.kakao.com/10241368,관광명소
세븐럭카지노 강남코엑스점,"여행 > 관광,명소 > 카지노",서울 강남구 삼성동 159,http://place.map.kakao.com/680578720,관광명소
스머프매직포레스트,"여행 > 관광,명소 > 테마파크",서울 강남구 역삼동 616-14,http://place.map.kakao.com/218343539,관광명소
양재천 벚꽃길,"여행 > 관광,명소 > 도보여행",서울 강남구 도곡동 468,http://place.map.kakao.com/1302325998,관광명소
코엑스 동문광장,"여행 > 관광,명소 > 광장",서울 강남구 삼성동 159-9,http://place.map.kakao.com/799901555,관광명소
마이아트뮤지엄,"문화,예술 > 문화시설 > 미술관",서울 강남구 대치동 944-31,http://place.map.kakao.com/1330284658,문화생활
K현대미술관,"문화,예술 > 문화시설 > 미술관",서울 강남구 신사동 666-7,http://place.map.kakao.com/154429973,문화생활
광림아트센터 BBCH홀,"문화,예술 > 문화시설 > 공연장,연극극장",서울 강남구 신사동 568-15,http://place.map.kakao.com/23520901,문화생활
코엑스 D홀,"문화,예술 > 문화시설 > 전시관",서울 강남구 삼성동 159,http://place.map.kakao.com/8106109,문화생활
백암아트홀,"문화,예술 > 문화시설 > 공연장,연극극장",서울 강남구 삼성동 170-5,http://place.map.kakao.com/17165962,문화생활
KT&G 상상마당 대치아트홀,"문화,예술 > 문화시설 > 공연장,연극극장",서울 강남구 대치동 1002,http://place.map.kakao.com/8476401,문화생활
식물관PH,"문화,예술 > 문화시설",서울 강남구 수서동 590-1,http://place.map.kakao.com/1107835167,문화생활
코엑스신한카드아티움,"문화,예술 > 문화시설 > 공연장,연극극장",서울 강남구 삼성동 159-9,http://place.map.kakao.com/1660169364,문화생활
송은,"문화,예술 > 문화시설 > 미술관",서울 강남구 청담동 92-9,http://place.map.kakao.com/12964941,문화생활
광림아트센터,"문화,예술 > 문화시설 > 공연장,연극극장",서울 강남구 신사동 568-2,http://place.map.kakao.com/22555870,문화생활
코엑스 오디토리움,"문화,예술 > 문화시설 > 공연장,연극극장",서울 강남구 삼성동 159,http://place.map.kakao.com/15229863,문화생활
일지아트홀,"문화,예술 > 문화시설 > 공연장,연극극장",서울 강남구 청담동 86-7,http://place.map.kakao.com/17087789,문화생활
파르나스몰,"문화,예술 > 문화시설",서울 강남구 삼성동 159-8,http://place.map.kakao.com/25968005,문화생활
최인아책방,"문화,예술 > 도서 > 서점",서울 강남구 역삼동 696-39,http://place.map.kakao.com/500799854,문화생활
광림아트센터 장천홀,"문화,예술 > 문화시설 > 공연장,연극극장",서울 강남구 신사동 570-8,http://place.map.kakao.com/10730162,문화생활
CGV 강남,"문화,예술 > 영화,영상 > 영화관 > CGV",서울 강남구 역삼동 814-6,http://place.map.kakao.com/10811159,영화
메가박스 코엑스,"문화,예술 > 영화,영상 > 영화관 > 메가박스",서울 강남구 삼성동 159,http://place.map.kakao.com/7877178,영화
롯데시네마 도곡,"문화,예술 > 영화,영상 > 영화관 > 롯데시네마",서울 강남구 도곡동 174-3,http://place.map.kakao.com/1913617889,영화
시티극장,"문화,예술 > 영화,영상 > 영화관",서울 강남구 역삼동 816,http://place.map.kakao.com/204596825,문화생활
메가박스 강남,"문화,예술 > 영화,영상 > 영화관 > 메가박스",서울 서초구 서초동 1317-20,http://place.map.kakao.com/10609442,영화
롯데시네마 월드타워,"문화,예술 > 영화,영상 > 영화관 > 롯데시네마",서울 송파구 신천동 29,http://place.map.kakao.com/25975699,영화
CGV 강변,"문화,예술 > 영화,영상 > 영화관 > CGV",서울 광진구 구의동 546-4,http://place.map.kakao.com/8545875,영화
꽁티드툴레아 도산점,음식점 > 카페,서울 강남구 신사동 646-21,http://place.map.kakao.com/179244712,카페
키이스케이프 강남점,음식점 > 카페 > 테마카페,서울 강남구 역삼동 817-21,http://place.map.kakao.com/1405262610,카페
가배도 신논현점,음식점 > 카페 > 다방,서울 강남구 역삼동 601-12,http://place.map.kakao.com/84268936,카페
소나,음식점 > 카페 > 테마카페 > 디저트카페,서울 강남구 신사동 520-1,http://place.map.kakao.com/19834035,카페
브라운홀릭,음식점 > 카페 > 커피전문점,서울 강남구 역삼동 620-15,http://place.map.kakao.com/14666479,카페
루프808,음식점 > 카페,서울 강남구 역삼동 808,http://place.map.kakao.com/561053021,카페
세시셀라 도산공원점,음식점 > 카페 > 테마카페 > 디저트카페,서울 강남구 신사동 651-4,http://place.map.kakao.com/7948829,카페
10꼬르소꼬모서울카페,음식점 > 카페,서울 강남구 청담동 79,http://place.map.kakao.com/22400767,카페
할리스 강남역점,음식점 > 카페 > 커피전문점 > 할리스,서울 강남구 역삼동 820-11,http://place.map.kakao.com/25736467,카페
T1카페&아레나,음식점 > 카페,서울 강남구 논현동 267-22,http://place.map.kakao.com/1863827373,카페
어퍼앤언더,음식점 > 카페 > 테마카페 > 디저트카페,서울 강남구 역삼동 618-17,http://place.map.kakao.com/1116018239,카페
스타벅스 강남대로점,음식점 > 카페 > 커피전문점 > 스타벅스,서울 강남구 역삼동 809-10,http://place.map.kakao.com/20494135,카페
바샤커피 청담 플래그십 스토어,음식점 > 카페 > 커피전문점,서울 강남구 청담동 80-4,http://place.map.kakao.com/1065620962,카페
베통 역삼,음식점 > 카페,서울 강남구 역삼동 706-19,http://place.map.kakao.com/296315883,카페
플링크 압구정점,음식점 > 카페 > 테마카페 > 디저트카페,서울 강남구 신사동 619,http://place.map.kakao.com/63830056,카페
광주육전,"음식점 > 술집 > 호프,요리주점",서울 강남구 논현동 162,http://place.map.kakao.com/832441144,술집
후문포차,음식점 > 술집 > 실내포장마차,서울 강남구 논현동 182-31,http://place.map.kakao.com/27548800,술집
리커테이션,음식점 > 술집 > 와인바,서울 강남구 신사동 532-4,http://place.map.kakao.com/1768655445,술집
백세주 마을 삼성점,"음식점 > 술집 > 호프,요리주점",서울 강남구 삼성동 110-3,http://place.map.kakao.com/7885177,술집
선주가 선릉점,"음식점 > 술집 > 호프,요리주점",서울 강남구 대치동 900-56,http://place.map.kakao.com/1296339081,술집
센도수산,음식점 > 술집 > 일본식주점,서울 강남구 대치동 900-9,http://place.map.kakao.com/418495008,술집
꼭그닭,음식점 > 술집,서울 강남구 역삼동 812-18,http://place.map.kakao.com/1757399379,술집
청담류 1호점,음식점 > 술집 > 일본식주점,서울 강남구 청담동 22-11,http://place.map.kakao.com/517267589,술집
난지당,"음식점 > 술집 > 호프,요리주점",서울 강남구 도곡동 957-1,http://place.map.kakao.com/25978142,술집
포사로,음식점 > 술집 > 일본식주점,서울 강남구 신사동 517-8,http://place.map.kakao.com/1878431824,술집
제스트,음식점 > 술집 > 칵테일바,서울 강남구 청담동 88-1,http://place.map.kakao.com/629498800,술집
사랑방,"음식점 > 술집 > 호프,요리주점",서울 강남구 논현동 199-24,http://place.map.kakao.com/9058351,술집
모로미 도산공원점,음식점 > 술집 > 일본식주점 > 모로미,서울 강남구 신사동 643-11,http://place.map.kakao.com/17348570,술집
하레이자카야,음식점 > 술집 > 일본식주점,서울 강남구 대치동 944-25,http://place.map.kakao.com/19927140,술집
호선생전 선릉점,"음식점 > 술집 > 호프,요리주점",서울 강남구 대치동 895,http://place.map.kakao.com/562367627,술집
유니클로 현대백화점신촌유플렉스점,"가정,생활 > 패션 > 의류판매 > 유니클로",서울 서대문구 창천동 30-1,http://place.map.kakao.com/27073054,쇼핑
무신사 스탠다드 현대백화점 유플렉스 신촌점,"가정,생활 > 패션 > 의류판매 > 무신사 스탠다드",서울 서대문구 창천동 30-1,http://place.map.kakao.com/114081769,쇼핑
나이키 현대신촌점,"가정,생활 > 패션 > 의류판매 > 스포츠의류 > 나이키",서울 서대문구 창천동 30-1,http://place.map.kakao.com/27204259,쇼핑
에잇세컨즈 현대백화점신촌점,"가정,생활 > 패션 > 의류판매 > 에잇세컨즈",서울 서대문구 창천동 30-1,http://place.map.kakao.com/25796836,쇼핑
탑텐 현대백화점유플렉스 신촌점,"가정,생활 > 패션 > 의류판매 > 탑텐",서울 서대문구 창천동 30-1,http://place.map.kakao.com/25953390,쇼핑
아디다스 현대백화점신촌점,"가정,생활 > 패션 > 의류판매 > 스포츠의류 > 아디다스",서울 서대문구 창천동 30-1,http://place.map.kakao.com/19568056,쇼핑
춘추사,"가정,생활 > 패션 > 의류판매 > 단체복,유니폼",서울 서대문구 대현동 53-4,http://place.map.kakao.com/10837987,쇼핑
MLB 현대신촌점,"가정,생활 > 패션 > 의류판매 > MLB",서울 서대문구 창천동 30-33,http://place.map.kakao.com/482294425,쇼핑
엠플레이그라운드 연세2호점,"가정,생활 > 패션 > 의류판매",서울 서대문구 창천동 30-8,http://place.map.kakao.com/1274166209,쇼핑
세터 현대백화점신촌점,"가정,생활 > 패션 > 의류판매 > 여성의류 > 세터",서울 서대문구 창천동 30-33,http://place.map.kakao.com/1521885374,쇼핑
디스커버리 현대신촌점,"가정,생활 > 패션 > 의류판매 > 스포츠의류 > 디스커버리",서울 서대문구 창천동 30-33,http://place.map.kakao.com/27488187,쇼핑
배럴 현대백화점신촌점,"가정,생활 > 패션 > 의류판매 > 스포츠의류 > 배럴",서울 서대문구 창천동 30-1,http://place.map.kakao.com/1783366951,쇼핑
에이에이플레이스,"가정,생활 > 패션 > 의류판매",서울 서대문구 창천동 30-6,http://place.map.kakao.com/652289133,쇼핑
미샤 현대신촌점,"가정,생활 > 패션 > 의류판매 > 여성의류 > MICHAA",서울 서대문구 창천동 30-33,http://place.map.kakao.com/1243798934,쇼핑
탑텐키즈 현대신촌점,"가정,생활 > 패션 > 의류판매 > 아동복,유아복 > 탑텐키즈",서울 서대문구 창천동 30-33,http://place.map.kakao.com/1063950950,쇼핑
라네즈 플래그십스토어 이대점,"가정,생활 > 미용 > 화장품",서울 서대문구 대현동 54-24,http://place.map.kakao.com/220664190,쇼핑
맥코스메틱 현대백화점신촌점,"가정,생활 > 미용 > 화장품 > 맥코스메틱",서울 서대문구 창천동 30-33,http://place.map.kakao.com/25794898,쇼핑
홀리카홀리카 이대점,"가정,생활 > 미용 > 화장품 > 홀리카홀리카",서울 서대문구 대현동 56-74,http://place.map.kakao.com/1051965903,쇼핑
네이처리퍼블릭 신촌역점,"가정,생활 > 미용 > 화장품 > 네이처리퍼블릭",서울 서대문구 창천동 30-16,http://place.map.kakao.com/19630833,쇼핑
홀리카홀리카 신촌점,"가정,생활 > 미용 > 화장품 > 홀리카홀리카",서울 서대문구 창천동 18-17,http://place.map.kakao.com/772831487,쇼핑
딥티크 현대신촌점,"가정,생활 > 미용 > 화장품 > 향수",서울 서대문구 창천동 30-33,http://place.map.kakao.com/1294780718,쇼핑
보떼 동교동삼거리점,"가정,생활 > 미용 > 화장품 > 보떼",서울 서대문구 창천동 506-22,http://place.map.kakao.com/23114853,쇼핑
에스티로더,"가정,생활 > 미용 > 화장품",서울 서대문구 창천동 30-33,http://place.map.kakao.com/25922088,쇼핑
러쉬 현대백화점신촌점,"가정,생활 > 미용 > 화장품",서울 서대문구 창천동 30-33,http://place.map.kakao.com/26278149,쇼핑
오메이,"가정,생활 > 미용 > 화장품",서울 서대문구 대현동 56-1,http://place.map.kakao.com/671183914,쇼핑
샤넬 현대백화점 신촌점,"가정,생활 > 미용 > 화장품",서울 서대문구 창천동 30-33,http://place.map.kakao.com/127370713,쇼핑
록시땅 현대백화점신촌점,"가정,생활 > 미용 > 화장품",서울 서대문구 창천동 30-33,http://place.map.kakao.com/25799114,쇼핑
조말론런던 현대백화점 신촌점,"가정,생활 > 미용 > 화장품 > 향수",서울 서대문구 창천동 30-33,http://place.map.kakao.com/2135312847,쇼핑
폭스슈가링,"가정,생활 > 미용 > 화장품",서울 서대문구 창천동 20-26,http://place.map.kakao.com/1569606690,쇼핑
아이러브탠 신촌이대점,"가정,생활 > 미용 > 화장품",서울 서대문구 대현동 56-28,http://place.map.kakao.com/17446430,쇼핑
올리브영 신촌역점,"가정,생활 > 드럭스토어 > 올리브영",서울 서대문구 창천동 72-2,http://place.map.kakao.com/11910218,쇼핑
올리브영 신촌중앙점,"가정,생활 > 드럭스토어 > 올리브영",서울 서대문구 창천동 30-8,http://place.map.kakao.com/1053036121,쇼핑
올리브영 이대중앙점,"가정,생활 > 드럭스토어 > 올리브영",서울 서대문구 대현동 56-126,http://place.map.kakao.com/13033021,쇼핑
올리브영 창천점,"가정,생활 > 드럭스토어 > 올리브영",서울 서대문구 창천동 503-13,http://place.map.kakao.com/465189903,쇼핑
올리브영 신촌대로점,"가정,생활 > 드럭스토어 > 올리브영",서울 서대문구 창천동 20-42,http://place.map.kakao.com/11910216,쇼핑
올리브영 신촌명물거리점,"가정,생활 > 드럭스토어 > 올리브영",서울 서대문구 창천동 5-37,http://place.map.kakao.com/18355817,쇼핑
올리브영 신촌연세점,"가정,생활 > 드럭스토어 > 올리브영",서울 서대문구 창천동 33-4,http://place.map.kakao.com/18355818,쇼핑
올리브영 연희점,"가정,생활 > 드럭스토어 > 올리브영",서울 서대문구 연희동 188-2,http://place.map.kakao.com/26407034,쇼핑
올리브영 신촌로터리점,"가정,생활 > 드럭스토어 > 올리브영",서울 마포구 노고산동 57-39,http://place.map.kakao.com/1289330977,쇼핑
올리브영 홍대공항철도역점,"가정,생활 > 드럭스토어 > 올리브영",서울 마포구 동교동 155-27,http://place.map.kakao.com/1375509208,쇼핑
올리브영 아현역점,"가정,생활 > 드럭스토어 > 올리브영",서울 서대문구 북아현동 1015,http://place.map.kakao.com/990494898,쇼핑
현대백화점 신촌점,"가정,생활 > 백화점 > 현대백화점",서울 서대문구 창천동 30-33,http://place.map.kakao.com/21695719,쇼핑
현대백화점유플렉스 신촌점,"가정,생활 > 백화점 > 현대백화점",서울 서대문구 창천동 30-1,http://place.map.kakao.com/26992232,쇼핑
AK플라자 홍대,"가정,생활 > 백화점 > AK플라자",서울 마포구 동교동 192-45,http://place.map.kakao.com/1156421273,쇼핑
네파 현대백화점 신촌점,"가정,생활 > 패션 > 의류판매 > 스포츠의류",서울 서대문구 창천동 30-33,http://place.map.kakao.com/416009000,쇼핑
다르다김밥 현대백화점신촌점,음식점 > 분식,서울 서대문구 창천동 30-33,http://place.map.kakao.com/1005291191,음식점
타미진 현대백화점 신촌점,"가정,생활 > 패션 > 의류판매",서울 서대문구 창천동 30-33,http://place.map.kakao.com/1462001940,쇼핑
유니폼브릿지 현대백화점 신촌점,"가정,생활 > 패션 > 의류판매",서울 서대문구 창천동 30-33,http://place.map.kakao.com/1977866446,쇼핑
꼬숑돈까스,"음식점 > 일식 > 돈까스,우동",서울 서대문구 창천동 31-26,http://place.map.kakao.com/27144649,음식점
미도인 신촌점,음식점 > 일식,서울 서대문구 창천동 45-12,http://place.map.kakao.com/594421253,음식점
신촌영양센터,"음식점 > 한식 > 육류,고기 > 닭요리 > 삼계탕",서울 서대문구 창천동 13-37,http://place.map.kakao.com/12441959,음식점
리틀쿠바,음식점 > 양식,서울 서대문구 창천동 33-5,http://place.map.kakao.com/1960450516,음식점
부탄츄 신촌점,음식점 > 일식 > 일본식라면,서울 서대문구 창천동 62-10,http://place.map.kakao.com/21572456,음식점
완차이,음식점 > 중식 > 중국요리,서울 서대문구 창천동 5-35,http://place.map.kakao.com/10621045,음식점
신촌형제갈비,"음식점 > 한식 > 육류,고기 > 갈비",서울 서대문구 창천동 31-26,http://place.map.kakao.com/15937430,음식점
만동제과,"음식점 > 간식 > 제과,베이커리",서울 서대문구 창천동 448,http://place.map.kakao.com/1165755646,음식점
통큰갈비 신촌본점,"음식점 > 한식 > 육류,고기 > 갈비",서울 서대문구 창천동 62-67,http://place.map.kakao.com/69756475,음식점
한림돈가,"음식점 > 한식 > 육류,고기",서울 서대문구 창천동 52-124,http://place.map.kakao.com/27588088,음식점
야바이,음식점 > 퓨전요리 > 퓨전일식,서울 서대문구 창천동 53-20,http://place.map.kakao.com/11634686,음식점
라구식당,음식점 > 양식 > 이탈리안,서울 서대문구 창천동 2-44,http://place.map.kakao.com/26976526,음식점
뉴타운,"음식점 > 술집 > 호프,요리주점",서울 서대문구 창천동 2-7,http://place.map.kakao.com/1702788673,술집
강남불백 3호점,"음식점 > 한식 > 육류,고기 > 불고기,두루치기",서울 서대문구 창천동 18-11,http://place.map.kakao.com/724244479,음식점
아저씨네낙지찜 신촌점,"음식점 > 한식 > 해물,생선",서울 서대문구 창천동 72-29,http://place.map.kakao.com/20225173,음식점
안산자락길,"여행 > 관광,명소 > 도보여행",서울 서대문구 봉원동,http://place.map.kakao.com/26967050,관광명소
스타광장,"여행 > 관광,명소 > 광장",서울 서대문구 창천동,http://place.map.kakao.com/1846396457,관광명소
명물쉼터,"여행 > 관광,명소",서울 서대문구 창천동 31-62,http://place.map.kakao.com/906045868,관광명소
신촌 토끼굴,"여행 > 관광,명소",서울 서대문구 대신동 143-28,http://place.map.kakao.com/1643208823,관광명소
무악산동봉수대터,"여행 > 관광,명소 > 문화유적 > 봉수대",서울 서대문구 봉원동 산 1,http://place.map.kakao.com/11076839,관광명소
무악동봉수대지,"여행 > 관광,명소 > 문화유적 > 유적지",서울 서대문구 봉원동 산 1,http://place.map.kakao.com/25028506,관광명소
안산천 약수터,"여행 > 관광,명소 > 샘터,약수터",서울 서대문구 봉원동 산 2-1,http://place.map.kakao.com/346749196,관광명소
복합문화공간 몽향,"문화,예술 > 문화시설 > 공연장,연극극장",서울 서대문구 창천동 62-11,http://place.map.kakao.com/108835601,문화생활
스튜디오리움,"문화,예술 > 문화시설 > 공연장,연극극장",서울 서대문구 대신동 85,http://place.map.kakao.com/12143674,문화생활
긱라이브하우스,"문화,예술 > 문화시설 > 공연장,연극극장",서울 서대문구 창천동 62-15,http://place.map.kakao.com/12729676,문화생활
아트레온,"문화,예술 > 문화시설",서울 서대문구 창천동 20-25,http://place.map.kakao.com/19537496,문화생활
201P,"문화,예술 > 문화시설 > 공연장,연극극장",서울 서대문구 창천동 52-56,http://place.map.kakao.com/1492216772,문화생활
신촌문화발전소,"문화,예술 > 문화시설",서울 서대문구 창천동 4-113,http://place.map.kakao.com/1694875377,문화생활
디앤디,"문화,예술 > 문화시설 > 공연장,연극극장",서울 서대문구 창천동 53-83,http://place.map.kakao.com/1625893519,문화생활
CGV 신촌아트레온,"문화,예술 > 영화,영상 > 영화관 > CGV",서울 서대문구 창천동 20-25,http://place.map.kakao.com/20126041,영화
라이카시네마,"문화,예술 > 영화,영상 > 영화관",서울 서대문구 연희동 194-25,http://place.map.kakao.com/584284,문화생활
CGV 연남,"문화,예술 > 영화,영상 > 영화관 > CGV",서울 마포구 동교동 167-2,http://place.map.kakao.com/1066689336,영화
더파이홀,음식점 > 카페 > 커피전문점,서울 서대문구 창천동 57-61,http://place.map.kakao.com/1011256721,카페
독수리다방,음식점 > 카페 > 다방,서울 서대문구 창천동 31-4,http://place.map.kakao.com/18826661,카페
마이시크릿메이트,음식점 > 카페,서울 서대문구 창천동 5-62,http://place.map.kakao.com/17358576,카페
스타벅스 이대점,음식점 > 카페 > 커피전문점 > 스타벅스,서울 서대문구 대현동 54-4,http://place.map.kakao.com/725420477,카페
베어스덴,음식점 > 카페 > 테마카페 > 디저트카페,서울 서대문구 창천동 441,http://place.map.kakao.com/838351158,카페
클로리스 신촌점,음식점 > 카페,서울 서대문구 창천동 13-35,http://place.map.kakao.com/8122805,카페
스타벅스 신촌역점,음식점 > 카페 > 커피전문점 > 스타벅스,서울 서대문구 창천동 72-12,http://place.map.kakao.com/1907611374,카페
카페페라 유니크점,음식점 > 카페,서울 서대문구 대현동 33-8,http://place.map.kakao.com/1297998927,카페
마스터키프라임 신촌퍼플릭,음식점 > 카페 > 테마카페,서울 서대문구 창천동 52-130,http://place.map.kakao.com/97734177,카페
커피크레페 본점,음식점 > 카페 > 테마카페 > 디저트카페,서울 서대문구 창천동 30-10,http://place.map.kakao.com/1042307963,카페
호밀밭,음식점 > 카페,서울 서대문구 창천동 4-77,http://place.map.kakao.com/19852273,카페
몰리스,음식점 > 카페,서울 서대문구 창천동 62-21,http://place.map.kakao.com/26533401,카페
카페엘피스,음식점 > 카페,서울 서대문구 창천동 47-2,http://place.map.kakao.com/21414115,카페
스타벅스 이대역점,음식점 > 카페 > 커피전문점 > 스타벅스,서울 서대문구 대현동 45-8,http://place.map.kakao.com/718205768,카페
포티드,음식점 > 카페,서울 서대문구 창천동 5-58,http://place.map.kakao.com/2020240735,카페
판자집,"음식점 > 술집 > 호프,요리주점",서울 서대문구 창천동 29-18,http://place.map.kakao.com/8121543,술집
연대포,"음식점 > 술집 > 호프,요리주점",서울 서대문구 창천동 52-71,http://place.map.kakao.com/15516966,술집
하나마토,음식점 > 술집 > 일본식주점,서울 서대문구 창천동 52-22,http://place.map.kakao.com/430930294,술집
바 틸트,음식점 > 술집 > 칵테일바,서울 서대문구 창천동 52-151,http://place.map.kakao.com/16011991,술집
피망과토마토,"음식점 > 술집 > 호프,요리주점",서울 서대문구 창천동 46-3,http://place.map.kakao.com/26875254,술집
막걸리싸롱 신촌점,"음식점 > 술집 > 호프,요리주점",서울 서대문구 창천동 52-8,http://place.map.kakao.com/26943790,술집
너스레,"음식점 > 술집 > 호프,요리주점",서울 서대문구 대현동 90-3,http://place.map.kakao.com/12045952,술집
펍오두막,음식점 > 술집,서울 서대문구 창천동 52-152,http://place.map.kakao.com/1719911479,술집
대포,"음식점 > 술집 > 호프,요리주점",서울 서대문구 창천동 52-40,http://place.map.kakao.com/27121355,술집
청담동포장마차,음식점 > 술집 > 실내포장마차,서울 서대문구 창천동 13-24,http://place.map.kakao.com/8086719,술집
안테이쿠,음식점 > 술집 > 일본식주점,서울 서대문구 창천동 52-156,http://place.map.kakao.com/1083155214,술집
젊은소나무,음식점 > 술집 > 일본식주점,서울 서대문구 창천동 13-44,http://place.map.kakao.com/14567461,술집
교토우마이,음식점 > 술집 > 일본식주점,서울 서대문구 창천동 57-39,http://place.map.kakao.com/554776210,술집
서른즈음에,"음식점 > 술집 > 호프,요리주점",서울 서대문구 창천동 53-19,http://place.map.kakao.com/7937466,술집
무신사 스탠다드 홍대점,"가정,생활 > 패션 > 의류판매 > 무신사 스탠다드",서울 마포구 동교동 162-5,http://place.map.kakao.com/1207156903,쇼핑
나이키 홍대점,"가정,생활 > 패션 > 의류판매 > 스포츠의류 > 나이키",서울 마포구 서교동 356-2,http://place.map.kakao.com/1842114096,쇼핑
나이키 스타일홍대점,"가정,생활 > 패션 > 의류판매 > 스포츠의류 > 나이키",서울 마포구 서교동 361-19,http://place.map.kakao.com/663197717,쇼핑
나이키 조던월드오브플라이트 서울홍대점,"가정,생활 > 패션 > 의류판매 > 스포츠의류 > 나이키",서울 마포구 동교동 159-5,http://place.map.kakao.com/398202708,쇼핑
유니클로 합정메세나폴리스점,"가정,생활 > 패션 > 의류판매 > 유니클로",서울 마포구 서교동 490,http://place.map.kakao.com/26387974,쇼핑
무신사 스토어 홍대,"가정,생활 > 패션 > 의류판매 > 무신사 스토어",서울 마포구 동교동 165-4,http://place.map.kakao.com/1305962347,쇼핑
아디다스 홍대브랜드센터,"가정,생활 > 패션 > 의류판매 > 스포츠의류 > 아디다스",서울 마포구 동교동 162-6,http://place.map.kakao.com/1043696664,쇼핑
스파오 홍대점,"가정,생활 > 패션 > 의류판매 > 스파오",서울 마포구 동교동 159-8,http://place.map.kakao.com/1054508425,쇼핑
스파오 AK플라자홍대점,"가정,생활 > 패션 > 의류판매 > 스파오",서울 마포구 동교동 190-1,http://place.map.kakao.com/2105835396,쇼핑
에잇세컨즈 홍대입구역점,"가정,생활 > 패션 > 의류판매 > 에잇세컨즈",서울 마포구 동교동 160-4,http://place.map.kakao.com/1558046265,쇼핑
탑텐 홍대점,"가정,생활 > 패션 > 의류판매 > 탑텐",서울 마포구 동교동 167-2,http://place.map.kakao.com/977241820,쇼핑
오버더피치,"가정,생활 > 패션 > 의류판매 > 스포츠의류",서울 마포구 서교동 404-2,http://place.map.kakao.com/1517947772,쇼핑
뉴발란스 홍대점,"가정,생활 > 패션 > 의류판매 > 스포츠의류",서울 마포구 서교동 345-30,http://place.map.kakao.com/2011090550,쇼핑
미쏘 홍대YZ점,"가정,생활 > 패션 > 의류판매 > 미쏘",서울 마포구 동교동 166-14,http://place.map.kakao.com/156117519,쇼핑
러쉬 홍대점,"가정,생활 > 미용 > 화장품",서울 마포구 서교동 369-5,http://place.map.kakao.com/22483011,쇼핑
에뛰드하우스 홍대클럽점,"가정,생활 > 미용 > 화장품 > 에뛰드하우스",서울 마포구 서교동 358-57,http://place.map.kakao.com/16646685,쇼핑
이니스프리 홍대1호점,"가정,생활 > 미용 > 화장품 > 이니스프리",서울 마포구 동교동 163-13,http://place.map.kakao.com/14615562,쇼핑
이니스프리 홍대3호점,"가정,생활 > 미용 > 화장품 > 이니스프리",서울 마포구 동교동 164-1,http://place.map.kakao.com/26987308,쇼핑
헤메코 홍대점,"가정,생활 > 미용 > 화장품",서울 마포구 서교동 356-1,http://place.map.kakao.com/486261943,쇼핑
그랑핸드 마포,"가정,생활 > 미용 > 화장품 > 향수",서울 마포구 동교동 189-6,http://place.map.kakao.com/1776224494,쇼핑
뷰티플레이 홍대점,"가정,생활 > 미용 > 화장품",서울 마포구 서교동 363-16,http://place.map.kakao.com/777704810,쇼핑
121르말뒤페이,"가정,생활 > 미용 > 화장품 > 향수",서울 마포구 서교동 411-18,http://place.map.kakao.com/1593303599,쇼핑
미샤플러스 홍대점,"가정,생활 > 미용 > 화장품 > MISSHA",서울 마포구 서교동 358-72,http://place.map.kakao.com/13143149,쇼핑
더샘 홍대점,"가정,생활 > 미용 > 화장품 > 더샘",서울 마포구 서교동 358-65,http://place.map.kakao.com/24875859,쇼핑
홀리카홀리카 홍대점,"가정,생활 > 미용 > 화장품 > 홀리카홀리카",서울 마포구 서교동 346-51,http://place.map.kakao.com/14930336,쇼핑
퍼퓨라운지,"가정,생활 > 미용 > 화장품",서울 마포구 서교동 331-13,http://place.map.kakao.com/1843036078,쇼핑
에스쁘아 연남점,"가정,생활 > 미용 > 화장품",서울 마포구 동교동 148-14,http://place.map.kakao.com/1608482256,쇼핑
노아퍼퓸,"가정,생활 > 미용 > 화장품 > 향수",서울 마포구 상수동 310-19,http://place.map.kakao.com/1419101098,쇼핑
르브와,"가정,생활 > 미용 > 화장품",서울 마포구 서교동 358-29,http://place.map.kakao.com/650747901,쇼핑
올리브영 홍대입구역점,"가정,생활 > 드럭스토어 > 올리브영",서울 마포구 동교동 165-8,http://place.map.kakao.com/20104962,쇼핑
올리브영 홍대타운,"가정,생활 > 드럭스토어 > 올리브영",서울 마포구 동교동 165-3,http://place.map.kakao.com/200330921,쇼핑
올리브영 상수역점,"가정,생활 > 드럭스토어 > 올리브영",서울 마포구 상수동 93-87,http://place.map.kakao.com/26512827,쇼핑
트렌드팟 바이올리브영 홍대,"가정,생활 > 드럭스토어 > 올리브영",서울 마포구 서교동 364-24,http://place.map.kakao.com/1483632529,쇼핑
올리브영 홍대정문점,"가정,생활 > 드럭스토어 > 올리브영",서울 마포구 서교동 344-13,http://place.map.kakao.com/20104963,쇼핑
올리브영 홍대사거리점,"가정,생활 > 드럭스토어 > 올리브영",서울 마포구 동교동 162-15,http://place.map.kakao.com/1141755966,쇼핑
올리브영 광흥창역점,"가정,생활 > 드럭스토어 > 올리브영",서울 마포구 창전동 450,http://place.map.kakao.com/1879757618,쇼핑
올리브영 홍대놀이터점,"가정,생활 > 드럭스토어 > 올리브영",서울 마포구 서교동 364-31,http://place.map.kakao.com/1804339391,쇼핑
올리브영 합정카페거리점,"가정,생활 > 드럭스토어 > 올리브영",서울 마포구 합정동 413-5,http://place.map.kakao.com/27343654,쇼핑
올리브영 동교동점,"가정,생활 > 드럭스토어 > 올리브영",서울 마포구 동교동 199-1,http://place.map.kakao.com/1634434886,쇼핑
서강낚시백화점,"스포츠,레저 > 스포츠용품 > 낚시용품",서울 마포구 창전동 115,http://place.map.kakao.com/8375052,기타
뽈랄라백화점,"가정,생활 > 취미 > 취미용품점",서울 마포구 서교동 335-4,http://place.map.kakao.com/11566641,기타
가자주류백화점 홍대점,"가정,생활 > 식품판매 > 주류판매",서울 마포구 서교동 354-11,http://place.map.kakao.com/8120327,기타
음식백화점,음식점 > 한식,서울 마포구 동교동 165-8,http://place.map.kakao.com/20748052,음식점
새천년축산물백화점 신수점,"가정,생활 > 식품판매 > 정육점",서울 마포구 현석동 225,http://place.map.kakao.com/16962239,기타
신발백화점,"가정,생활 > 패션 > 패션잡화점 > 구두,신발",서울 마포구 신수동 288-9,http://place.map.kakao.com/15960519,기타
하카타분코,음식점 > 일식 > 일본식라면,서울 마포구 상수동 93-28,http://place.map.kakao.com/21410206,음식점
비스트로사랑방,음식점 > 양식 > 이탈리안,서울 마포구 서교동 408-25,http://place.map.kakao.com/833037714,음식점
마코토,음식점 > 일식,서울 마포구 서교동 358-89,http://place.map.kakao.com/2011219962,음식점
상수 냉장고,"음식점 > 한식 > 육류,고기",서울 마포구 상수동 327-7,http://place.map.kakao.com/1753129148,음식점
비트포비아 던전101,음식점 > 카페 > 테마카페,서울 마포구 서교동 361-16,http://place.map.kakao.com/1772808576,카페
후라토식당 상수직영점,"음식점 > 일식 > 돈까스,우동",서울 마포구 상수동 313-2,http://place.map.kakao.com/2140388321,음식점
맛이차이나,음식점 > 중식 > 중국요리,서울 마포구 상수동 321-1,http://place.map.kakao.com/19032013,음식점
강강술래 홍대점,음식점 > 한식,서울 마포구 서교동 369-10,http://place.map.kakao.com/18257217,음식점
수림식당 홍대점,음식점 > 중식,서울 마포구 서교동 362-11,http://place.map.kakao.com/1702747478,음식점
장인닭갈비 홍대점,"음식점 > 한식 > 육류,고기 > 닭요리",서울 마포구 동교동 163-6,http://place.map.kakao.com/443293859,음식점
미로식당,"음식점 > 술집 > 호프,요리주점",서울 마포구 창전동 6-99,http://place.map.kakao.com/15659552,술집
38도씨식당,"음식점 > 술집 > 호프,요리주점",서울 마포구 서교동 409-11,http://place.map.kakao.com/1964922245,술집
온달집 홍대직영점,음식점 > 술집 > 실내포장마차,서울 마포구 서교동 407-25,http://place.map.kakao.com/1009353804,술집
빠넬로,음식점 > 양식,서울 마포구 서교동 400-22,http://place.map.kakao.com/22303849,음식점
로파이,음식점 > 카페,서울 마포구 서교동 410-5,http://place.map.kakao.com/1218836315,카페
테이블에이,"여행 > 관광,명소 > 동물원 > 실내동물원",서울 마포구 창전동 6,http://place.map.kakao.com/1945601770,관광명소
와우산,"여행 > 관광,명소 > 산",서울 마포구 창전동 3-243,http://place.map.kakao.com/25325255,관광명소
트릭아이뮤지엄,"여행 > 관광,명소 > 테마파크",서울 마포구 서교동 357-1,http://place.map.kakao.com/1501236154,관광명소
스머프 매직 포레스트 홍대점,"여행 > 관광,명소 > 테마파크",서울 마포구 동교동 170-12,http://place.map.kakao.com/1259545565,관광명소
공민왕사당,"여행 > 관광,명소 > 문화유적 > 사당,제단",서울 마포구 창전동 446-5,http://place.map.kakao.com/8236081,관광명소
빚다도예공방 홍대점,"여행 > 관광,명소 > 도자기,도예촌",서울 마포구 상수동 329-6,http://place.map.kakao.com/26537684,관광명소
KT&G상상마당 홍대,"문화,예술 > 문화시설 > 공연장,연극극장",서울 마포구 서교동 367-5,http://place.map.kakao.com/8016441,문화생활
T world 티팩토리 홍대플래그십,"서비스,산업 > 정보통신 > SK텔레콤 > SKT대리점",서울 마포구 동교동 162-5,http://place.map.kakao.com/261797175,기타
구름아래소극장,"문화,예술 > 문화시설 > 공연장,연극극장",서울 마포구 서교동 337-11,http://place.map.kakao.com/397903247,문화생활
롤링홀,"문화,예술 > 문화시설 > 공연장,연극극장",서울 마포구 서교동 402-22,http://place.map.kakao.com/7854938,문화생활
스페이스브릭,"문화,예술 > 문화시설 > 공연장,연극극장",서울 마포구 서교동 395-15,http://place.map.kakao.com/862171644,문화생활
홍대난타전용극장,"문화,예술 > 문화시설 > 공연장,연극극장",서울 마포구 서교동 357-5,http://place.map.kakao.com/25080914,문화생활
소극장산울림,"문화,예술 > 문화시설 > 공연장,연극극장",서울 마포구 서교동 327-9,http://place.map.kakao.com/7910244,문화생활
코코넛박스,"문화,예술 > 문화시설",서울 마포구 서교동 357-1,http://place.map.kakao.com/497287177,문화생활
H스테이지,"문화,예술 > 문화시설 > 공연장,연극극장",서울 마포구 서교동 344-12,http://place.map.kakao.com/1027819854,문화생활
청년문화공간JU,"문화,예술 > 문화시설",서울 마포구 동교동 158-2,http://place.map.kakao.com/14093975,문화생활
KT&G 상상마당 시네마,"문화,예술 > 영화,영상 > 영화관",서울 마포구 서교동 367-5,http://place.map.kakao.com/21059836,문화생활
얼라이브홀,"문화,예술 > 문화시설 > 공연장,연극극장",서울 마포구 서교동 401-6,http://place.map.kakao.com/612943766,문화생활
포스트극장,"문화,예술 > 문화시설 > 공연장,연극극장",서울 마포구 창전동 5-92,http://place.map.kakao.com/10880392,문화생활
001클럽,"문화,예술 > 문화시설 > 공연장,연극극장",서울 마포구 서교동 360-18,http://place.map.kakao.com/23696074,문화생활
벨로주 홍대,"문화,예술 > 문화시설 > 공연장,연극극장",서울 마포구 서교동 372-6,http://place.map.kakao.com/2136641458,문화생활
롯데시네마 홍대입구,"문화,예술 > 영화,영상 > 영화관 > 롯데시네마",서울 마포구 동교동 166-9,http://place.map.kakao.com/7856282,영화
CGV 홍대,"문화,예술 > 영화,영상 > 영화관 > CGV",서울 마포구 동교동 159-8,http://place.map.kakao.com/25540042,영화
롯데시네마 합정,"문화,예술 > 영화,영상 > 영화관 > 롯데시네마",서울 마포구 서교동 490,http://place.map.kakao.com/17811672,영화
메가박스 홍대,"문화,예술 > 영화,영상 > 영화관 > 메가박스",서울 마포구 동교동 160-4,http://place.map.kakao.com/1365253252,영화
인디스페이스,"문화,예술 > 영화,영상 > 영화관",서울 마포구 동교동 166-14,http://place.map.kakao.com/17532139,문화생활
모노플렉스앳라이즈,"문화,예술 > 영화,영상 > 영화관",서울 마포구 서교동 354-5,http://place.map.kakao.com/1521593624,문화생활
스탠스커피,음식점 > 카페,서울 마포구 상수동 93-111,http://place.map.kakao.com/1494667205,카페
슬릿 홍대점,음식점 > 카페,서울 마포구 서교동 364-29,http://place.map.kakao.com/1685252751,카페
꾸울과자점,음식점 > 카페,서울 마포구 상수동 88-14,http://place.map.kakao.com/1612697734,카페
서울이스케이프룸 홍대2호점,음식점 > 카페 > 테마카페,서울 마포구 서교동 410-9,http://place.map.kakao.com/1351400084,카페
제비다방,음식점 > 카페 > 테마카페,서울 마포구 상수동 330-12,http://place.map.kakao.com/27194461,카페
토라비,음식점 > 카페 > 테마카페 > 디저트카페,서울 마포구 서교동 347-12,http://place.map.kakao.com/10900296,카페
소울버튼블루,음식점 > 카페 > 커피전문점,서울 마포구 서교동 361-6,http://place.map.kakao.com/494827896,카페
청춘고양이카페,음식점 > 카페 > 테마카페 > 고양이카페,서울 마포구 서교동 358-92,http://place.map.kakao.com/50985528,카페
디코더,음식점 > 카페 > 테마카페,서울 마포구 서교동 360-3,http://place.map.kakao.com/366110448,카페
비하인드,음식점 > 카페,서울 마포구 서교동 404-26,http://place.map.kakao.com/8346767,카페
카페 지금여기,음식점 > 카페,서울 마포구 서교동 369-42,http://place.map.kakao.com/36768345,카페
카페그랑주,음식점 > 카페 > 테마카페 > 갤러리카페,서울 마포구 서교동 355-2,http://place.map.kakao.com/1372734736,카페
튜토리얼,음식점 > 카페,서울 마포구 상수동 310-12,http://place.map.kakao.com/334127500,카페
야키토리 나루토,음식점 > 술집 > 일본식주점,서울 마포구 서교동 403-23,http://place.map.kakao.com/747903409,술집
몽담 주점 홍대점,"음식점 > 술집 > 호프,요리주점",서울 마포구 서교동 366-1,http://place.map.kakao.com/224074689,술집
클럽에반스,음식점 > 술집 > 칵테일바,서울 마포구 서교동 407-3,http://place.map.kakao.com/8101657,술집
벤더,음식점 > 술집,서울 마포구 상수동 86-35,http://place.map.kakao.com/329742373,술집
페더,음식점 > 술집 > 칵테일바,서울 마포구 상수동 311-7,http://place.map.kakao.com/1998844715,술집
곱창전골,음식점 > 술집,서울 마포구 서교동 327-17,http://place.map.kakao.com/15536446,술집
산장,"음식점 > 술집 > 호프,요리주점",서울 마포구 서교동 360-22,http://place.map.kakao.com/8383937,술집
고수포차,음식점 > 술집 > 실내포장마차,서울 마포구 상수동 324-1,http://place.map.kakao.com/905125344,술집
참새방앗간,"음식점 > 술집 > 호프,요리주점",서울 마포구 동교동 164-7,http://place.map.kakao.com/16791656,술집
삼거리포차,음식점 > 술집 > 실내포장마차,서울 마포구 서교동 361-12,http://place.map.kakao.com/7919830,술집
반주시대,"음식점 > 술집 > 호프,요리주점",서울 마포구 서교동 407-24,http://place.map.kakao.com/1175964899,술집
티12,음식점 > 술집 > 칵테일바,서울 마포구 서교동 363-22,http://place.map.kakao.com/15396050,술집
돌실나이,"가정,생활 > 패션 > 의류판매 > 한복",서울 종로구 명륜1가 33-74,http://place.map.kakao.com/7834683,쇼핑
질경이우리옷 명륜본점,"가정,생활 > 패션 > 의류판매 > 한복",서울 종로구 명륜2가 195-8,http://place.map.kakao.com/11152780,쇼핑
원더브라 대학로점,"가정,생활 > 패션 > 의류판매 > 속옷,언더웨어",서울 종로구 혜화동 178-1,http://place.map.kakao.com/27304476,쇼핑
레인보우스티치 대학로점,"가정,생활 > 패션 > 의류판매",서울 종로구 명륜2가 29,http://place.map.kakao.com/18710721,쇼핑
원더플레이스 서울 대학로점,"가정,생활 > 패션 > 의류판매",서울 종로구 명륜2가 41-9,http://place.map.kakao.com/25935955,쇼핑
럭키팩토리,"가정,생활 > 패션 > 의류판매",서울 종로구 명륜2가 34,http://place.map.kakao.com/1205957480,쇼핑
지플리시,"가정,생활 > 패션 > 의류판매 > 남성의류,양복",서울 종로구 명륜1가 7-26,http://place.map.kakao.com/1144098489,쇼핑
골드러시,"가정,생활 > 패션 > 의류판매",서울 종로구 명륜2가 113,http://place.map.kakao.com/1579088678,쇼핑
베티붑 혜화,"가정,생활 > 패션 > 의류판매 > 여성의류",서울 종로구 명륜4가 86-4,http://place.map.kakao.com/1065058586,쇼핑
HH빈티지,"가정,생활 > 패션 > 의류판매 > 수입의류",서울 종로구 명륜2가 181,http://place.map.kakao.com/412828058,쇼핑
보블리에,"가정,생활 > 패션 > 의류판매",서울 종로구 명륜4가 82-2,http://place.map.kakao.com/608163949,쇼핑
에메필 대학로점,"가정,생활 > 패션 > 의류판매 > 속옷,언더웨어",서울 종로구 명륜4가 176-2,http://place.map.kakao.com/202932515,쇼핑
대학로 익스체인지,"가정,생활 > 패션 > 의류판매",서울 종로구 혜화동 197-1,http://place.map.kakao.com/1896434531,쇼핑
더 사니아트,"가정,생활 > 패션 > 의류판매",서울 종로구 혜화동 16-12,http://place.map.kakao.com/1443781556,쇼핑
블랙코코아,"가정,생활 > 패션 > 의류판매",서울 종로구 명륜2가 140-2,http://place.map.kakao.com/27345697,쇼핑
러쉬 대학로점,"가정,생활 > 미용 > 화장품",서울 종로구 명륜4가 53,http://place.map.kakao.com/17297385,쇼핑
서울뷰티,"가정,생활 > 미용 > 화장품",서울 종로구 명륜4가 92,http://place.map.kakao.com/957145207,쇼핑
오휘대학로지사,"가정,생활 > 미용 > 화장품",서울 종로구 명륜4가 148-2,http://place.map.kakao.com/18475345,쇼핑
아리스타,"가정,생활 > 미용 > 화장품",서울 종로구 명륜2가 33,http://place.map.kakao.com/15695220,쇼핑
애터미 대학로센터,"가정,생활 > 미용 > 화장품",서울 종로구 명륜2가 4,http://place.map.kakao.com/1142820027,쇼핑
애터미 대학로센터,"가정,생활 > 미용 > 화장품",서울 종로구 혜화동 74-20,http://place.map.kakao.com/1412540657,쇼핑
아모레퍼시픽 중북특약점,"가정,생활 > 미용 > 화장품",서울 종로구 명륜1가 10-28,http://place.map.kakao.com/20945058,쇼핑
지니NC,"가정,생활 > 미용 > 화장품",서울 종로구 혜화동 185,http://place.map.kakao.com/17302648,쇼핑
윤호샵,"가정,생활 > 미용 > 화장품",서울 종로구 명륜2가 21-9,http://place.map.kakao.com/19100816,쇼핑
이니스프리 한성대점,"가정,생활 > 미용 > 화장품 > 이니스프리",서울 성북구 동소문동1가 23,http://place.map.kakao.com/12637846,쇼핑
지니,"가정,생활 > 미용 > 화장품",서울 성북구 성북동1가 43-1,http://place.map.kakao.com/19600800,쇼핑
화장품,"가정,생활 > 미용 > 화장품",서울 성북구 성북동1가 43-1,http://place.map.kakao.com/16847297,쇼핑
이지파우더,"가정,생활 > 미용 > 화장품",서울 종로구 동숭동 25-8,http://place.map.kakao.com/1468316605,쇼핑
올리브영 성신여대입구역점,"가정,생활 > 드럭스토어 > 올리브영",서울 성북구 동소문동6가 147,http://place.map.kakao.com/1623404405,쇼핑
올리브영 돈암점,"가정,생활 > 드럭스토어 > 올리브영",서울 성북구 동선동1가 85-104,http://place.map.kakao.com/11910244,쇼핑
올리브영 돈암중앙점,"가정,생활 > 드럭스토어 > 올리브영",서울 성북구 동선동1가 114-1,http://place.map.kakao.com/20104713,쇼핑
올리브영 동대문역사문화공원역점,"가정,생활 > 드럭스토어 > 올리브영",서울 중구 을지로6가 18-134,http://place.map.kakao.com/25815743,쇼핑
올리브영 두타점,"가정,생활 > 드럭스토어 > 올리브영",서울 중구 을지로6가 18-12,http://place.map.kakao.com/11910202,쇼핑
올리브영 현대시티아울렛동대문점,"가정,생활 > 드럭스토어 > 올리브영",서울 중구 을지로6가 17-2,http://place.map.kakao.com/354789276,쇼핑
고기백화점,"가정,생활 > 식품판매 > 정육점",서울 종로구 명륜3가 1-25,http://place.map.kakao.com/20945062,기타
토마토세계주류백화점,"서비스,산업 > 식품 > 음료,주류제조 > 주류도매,주류유통",서울 성북구 성북동1가 42-2,http://place.map.kakao.com/643522174,기타
초원고기백화점 삼선동점,"가정,생활 > 식품판매 > 정육점",서울 성북구 삼선동2가 103,http://place.map.kakao.com/14967662,기타
참사랑기독교백화점,"문화,예술 > 도서 > 서점",서울 성북구 동소문동4가 116,http://place.map.kakao.com/229233230,문화생활
세계주류백화점 와인명품관,"가정,생활 > 식품판매 > 주류판매",서울 종로구 원남동 106-1,http://place.map.kakao.com/8376242,기타
후레쉬축산물백화점,"가정,생활 > 식품판매 > 정육점",서울 성북구 삼선동5가 208,http://place.map.kakao.com/27350697,기타
계동추억백화점,"가정,생활 > 유아 > 장난감,완구",서울 종로구 계동 93-1,http://place.map.kakao.com/2116854040,기타
철물백화점,"가정,생활 > 생활용품점 > 철물점",서울 중구 주교동 139-1,http://place.map.kakao.com/575512971,기타
대동벽지바닥재백화점,"가정,생활 > 생활용품점 > 인테리어장식판매",서울 중구 방산동 4-35,http://place.map.kakao.com/8873019,기타
맥덕스,음식점 > 양식,서울 종로구 명륜2가 135-3,http://place.map.kakao.com/22016023,음식점
포도원삼계탕,"음식점 > 한식 > 육류,고기 > 닭요리 > 삼계탕",서울 종로구 명륜4가 154-1,http://place.map.kakao.com/27519655,음식점
페르시안궁전,음식점 > 아시아음식 > 인도음식,서울 종로구 명륜2가 121-1,http://place.map.kakao.com/11520636,음식점
나누미떡볶이 성대본점,음식점 > 분식 > 떡볶이,서울 종로구 명륜2가 225,http://place.map.kakao.com/10199904,음식점
소친친,음식점 > 퓨전요리,서울 종로구 명륜4가 62,http://place.map.kakao.com/26628758,음식점
포보 성균관대점,음식점 > 아시아음식 > 동남아음식,서울 종로구 명륜2가 199-8,http://place.map.kakao.com/15526592,음식점
또오리,"음식점 > 한식 > 육류,고기 > 오리",서울 종로구 명륜2가 205,http://place.map.kakao.com/9744554,음식점
명륜손칼국수,음식점 > 한식 > 국수 > 칼국수,서울 종로구 명륜1가 31-23,http://place.map.kakao.com/7870740,음식점
임성용의부추곱창 대학로점,"음식점 > 한식 > 육류,고기 > 곱창,막창",서울 종로구 명륜4가 16-2,http://place.map.kakao.com/18783566,음식점
성균관,"여행 > 관광,명소 > 문화유적",서울 종로구 명륜3가 53,http://place.map.kakao.com/17091814,관광명소
명륜당,"여행 > 관광,명소 > 문화유적 > 향교,서당",서울 종로구 명륜3가 53,http://place.map.kakao.com/7870738,관광명소
장면가옥,"여행 > 관광,명소 > 문화유적 > 생가,고택",서울 종로구 명륜1가 36-1,http://place.map.kakao.com/19700777,관광명소
비천당,"여행 > 관광,명소 > 문화유적",서울 종로구 명륜3가 53,http://place.map.kakao.com/17565788,관광명소
서울문묘의은행나무,"여행 > 관광,명소",서울 종로구 명륜3가 53,http://place.map.kakao.com/12721154,관광명소
서울문묘와성균관,"여행 > 관광,명소 > 문화유적 > 사당,제단",서울 종로구 명륜3가 53,http://place.map.kakao.com/8362509,관광명소
하마비와 탕평비각,"여행 > 관광,명소 > 문화유적 > 유적지",서울 종로구 명륜3가 53-21,http://place.map.kakao.com/243209316,관광명소
우암송시열집터,"여행 > 관광,명소 > 문화유적 > 탑,비석",서울 종로구 명륜1가 5-99,http://place.map.kakao.com/8023185,관광명소
몽양 여운형 선생 서거지,"여행 > 관광,명소 > 문화유적 > 탑,비석",서울 종로구 혜화동 120,http://place.map.kakao.com/882229413,관광명소
숭보사,"여행 > 관광,명소 > 문화유적",서울 종로구 명륜3가 15-1,http://place.map.kakao.com/8393139,관광명소
대성전,"여행 > 관광,명소 > 문화유적",서울 종로구 명륜3가 53,http://place.map.kakao.com/8266789,관광명소
대한조국주권수호일념비,"여행 > 관광,명소 > 문화유적 > 탑,비석",서울 종로구 혜화동 56,http://place.map.kakao.com/665299251,관광명소
서울명예도로 소나무길,"여행 > 관광,명소 > 도보여행",서울 종로구 명륜4가 79,http://place.map.kakao.com/95182613,관광명소
동재,"여행 > 관광,명소 > 문화유적",서울 종로구 명륜3가 53,http://place.map.kakao.com/10287117,관광명소
서연아트홀,"문화,예술 > 문화시설 > 공연장,연극극장",서울 종로구 명륜2가 21-10,http://place.map.kakao.com/20919778,문화생활
한성아트홀,"문화,예술 > 문화시설 > 공연장,연극극장",서울 종로구 명륜2가 41-4,http://place.map.kakao.com/21087952,문화생활
성균관대학교 새천년홀,"문화,예술 > 문화시설 > 공연장,연극극장",서울 종로구 명륜3가 53-21,http://place.map.kakao.com/13319091,문화생활
아이들극장,"문화,예술 > 문화시설 > 공연장,연극극장",서울 종로구 혜화동 1-21,http://place.map.kakao.com/788934926,문화생활
열린극장,"문화,예술 > 문화시설 > 공연장,연극극장",서울 종로구 명륜2가 21-18,http://place.map.kakao.com/8478869,문화생활
선돌극장,"문화,예술 > 문화시설 > 공연장,연극극장",서울 종로구 명륜1가 46-11,http://place.map.kakao.com/7939503,문화생활
후암씨어터,"문화,예술 > 문화시설 > 공연장,연극극장",서울 종로구 명륜4가 113-1,http://place.map.kakao.com/2021757796,문화생활
더굿씨어터,"문화,예술 > 문화시설 > 공연장,연극극장",서울 종로구 혜화동 185,http://place.map.kakao.com/24048344,문화생활
후암스테이지,"문화,예술 > 문화시설 > 공연장,연극극장",서울 종로구 명륜4가 113-1,http://place.map.kakao.com/26809602,문화생활
동숭무대소극장,"문화,예술 > 문화시설 > 공연장,연극극장",서울 종로구 명륜1가 33-30,http://place.map.kakao.com/7960643,문화생활
혜화아트센터,"문화,예술 > 문화시설 > 전시관",서울 종로구 혜화동 90-7,http://place.map.kakao.com/18747991,문화생활
나온씨어터,"문화,예술 > 문화시설 > 공연장,연극극장",서울 종로구 명륜1가 36-4,http://place.map.kakao.com/10198186,문화생활
그라운드씬,"문화,예술 > 문화시설 > 공연장,연극극장",서울 종로구 명륜1가 5,http://place.map.kakao.com/18245176,문화생활
씨어터쿰,"문화,예술 > 문화시설 > 공연장,연극극장",서울 종로구 명륜2가 8,http://place.map.kakao.com/637325434,문화생활
카페다오,음식점 > 카페,서울 종로구 혜화동 163-30,http://place.map.kakao.com/27321598,카페
공차 대학로점,음식점 > 카페 > 공차,서울 종로구 명륜2가 24-4,http://place.map.kakao.com/21161316,카페
칠린,음식점 > 카페,서울 종로구 명륜4가 167-2,http://place.map.kakao.com/1067900892,카페
별똥별궁,음식점 > 카페,서울 종로구 명륜4가 198-3,http://place.map.kakao.com/1249967276,카페
스타벅스 성대입구점,음식점 > 카페 > 커피전문점 > 스타벅스,서울 종로구 명륜3가 154-3,http://place.map.kakao.com/7961756,카페
위치스커피 대학로점,음식점 > 카페 > 커피전문점,서울 종로구 명륜2가 237,http://place.map.kakao.com/13015709,카페
이디야커피 성균관대점,음식점 > 카페 > 커피전문점 > 이디야커피,서울 종로구 명륜2가 209-2,http://place.map.kakao.com/478710507,카페
카페사흘,음식점 > 카페,서울 종로구 혜화동 74-10,http://place.map.kakao.com/13608974,카페
라온섬,음식점 > 카페,서울 종로구 명륜2가 123-2,http://place.map.kakao.com/1519581924,카페
집사의하루 혜화점,음식점 > 카페 > 테마카페 > 고양이카페,서울 종로구 명륜2가 192-3,http://place.map.kakao.com/1740137502,카페
콘크리트 팔레트,음식점 > 카페,서울 종로구 명륜4가 88-2,http://place.map.kakao.com/1430842424,카페
곤조,음식점 > 술집 > 일본식주점,서울 종로구 명륜4가 16-1,http://place.map.kakao.com/1547368312,술집
팔오구 코리안비스트로,"음식점 > 술집 > 호프,요리주점",서울 종로구 명륜4가 85-9,http://place.map.kakao.com/98220720,술집
딱지치기 대학로본점,"음식점 > 술집 > 호프,요리주점",서울 종로구 명륜4가 28-2,http://place.map.kakao.com/10365812,술집
올디스,음식점 > 술집 > 와인바,서울 종로구 명륜4가 64-9,http://place.map.kakao.com/17375556,술집
야스미,음식점 > 술집 > 일본식주점,서울 종로구 명륜4가 173-2,http://place.map.kakao.com/13495138,술집
달콤한잔,음식점 > 술집 > 와인바,서울 종로구 혜화동 163-8,http://place.map.kakao.com/1471954223,술집
동화 혜화점,"음식점 > 술집 > 호프,요리주점",서울 종로구 명륜4가 48-2,http://place.map.kakao.com/302236806,술집
파크랜드 사당상설점,"가정,생활 > 패션 > 의류판매 > 남성의류,양복",서울 동작구 사당동 152-2,http://place.map.kakao.com/10886570,쇼핑
BYC 사당전문점,"가정,생활 > 패션 > 의류판매 > 속옷,언더웨어 > BYC",서울 동작구 사당동 268-37,http://place.map.kakao.com/1212887689,쇼핑
올포유 이수점,"가정,생활 > 패션 > 의류판매 > 올포유",서울 동작구 사당동 147-99,http://place.map.kakao.com/2001001272,쇼핑
미래맞춤양복,"가정,생활 > 패션 > 의류판매 > 남성의류,양복",서울 동작구 사당동 150-10,http://place.map.kakao.com/15465051,쇼핑
에띠임 이수역점,"가정,생활 > 패션 > 의류판매 > 속옷,언더웨어 > 에띠임",서울 동작구 사당동 144-16,http://place.map.kakao.com/948818751,쇼핑
패션라운지아울렛,"가정,생활 > 패션 > 의류판매",서울 동작구 사당동 84-1,http://place.map.kakao.com/90240603,쇼핑
아이엠,"가정,생활 > 패션 > 의류판매 > 여성의류",서울 동작구 사당동 1034-10,http://place.map.kakao.com/860482788,쇼핑
사당알뜰쇼핑,"가정,생활 > 패션 > 의류판매",서울 동작구 사당동 133-9,http://place.map.kakao.com/16326663,쇼핑
보나토,"가정,생활 > 패션 > 의류판매 > 남성의류,양복",서울 동작구 사당동 267-46,http://place.map.kakao.com/21626942,쇼핑
빈프라임 사당점,"가정,생활 > 패션 > 의류판매",서울 동작구 사당동 1129,http://place.map.kakao.com/23406628,쇼핑
에띠임,"가정,생활 > 패션 > 의류판매 > 속옷,언더웨어 > 에띠임",서울 동작구 사당동 319-1,http://place.map.kakao.com/1321915685,쇼핑
멎쟁이토탈,"가정,생활 > 패션 > 의류판매",서울 동작구 사당동 91-156,http://place.map.kakao.com/1568112865,쇼핑
폴라리스,"가정,생활 > 패션 > 의류판매",서울 동작구 사당동 249-1,http://place.map.kakao.com/1472542973,쇼핑
앨트웰 서울지사,"가정,생활 > 패션 > 의류판매 > 속옷,언더웨어",서울 동작구 사당동 1007-8,http://place.map.kakao.com/26128388,쇼핑
지센 사당점,"가정,생활 > 패션 > 의류판매",서울 동작구 사당동 1019-38,http://place.map.kakao.com/998522705,쇼핑
네이처리퍼블릭 메트로사당역점,"가정,생활 > 미용 > 화장품 > 네이처리퍼블릭",서울 동작구 사당동 1129,http://place.map.kakao.com/27477648,쇼핑
아리따움라이브 이수점,"가정,생활 > 미용 > 화장품 > 아리따움",서울 동작구 사당동 130-11,http://place.map.kakao.com/7992648,쇼핑
사임당화장품 서울사옥,"가정,생활 > 미용 > 화장품",서울 동작구 사당동 1031-28,http://place.map.kakao.com/10289737,쇼핑
더페이스샵 이수점,"가정,생활 > 미용 > 화장품 > 더페이스샵",서울 동작구 사당동 139-88,http://place.map.kakao.com/16505475,쇼핑
네이처리퍼블릭 메트로 총신대입구역점,"가정,생활 > 미용 > 화장품 > 네이처리퍼블릭",서울 동작구 사당동 736-1,http://place.map.kakao.com/27477650,쇼핑
홀리카홀리카 이수점,"가정,생활 > 미용 > 화장품 > 홀리카홀리카",서울 동작구 사당동 134-3,http://place.map.kakao.com/1987150818,쇼핑
네이처컬렉션 남성역점,"가정,생활 > 미용 > 화장품",서울 동작구 사당동 268-36,http://place.map.kakao.com/113155117,쇼핑
굿디,"가정,생활 > 미용 > 화장품",서울 동작구 사당동 300-50,http://place.map.kakao.com/27189543,쇼핑
태후사랑,"가정,생활 > 미용 > 화장품",서울 동작구 사당동 128-24,http://place.map.kakao.com/20460711,쇼핑
고려한백KH,"가정,생활 > 미용 > 화장품",서울 동작구 사당동 1046-11,http://place.map.kakao.com/1340428271,쇼핑
애터미,"가정,생활 > 미용 > 화장품",서울 동작구 사당동 318-75,http://place.map.kakao.com/670059846,쇼핑
디아리브레 Dia libre,"가정,생활 > 미용 > 화장품",서울 동작구 사당동 185-10,http://place.map.kakao.com/2007311045,쇼핑
인셀덤,"가정,생활 > 미용 > 화장품",서울 동작구 사당동 1039-29,http://place.map.kakao.com/1717975214,쇼핑
애터미 사당글로벌,"가정,생활 > 미용 > 화장품",서울 동작구 사당동 313-1,http://place.map.kakao.com/2146604308,쇼핑
보떼 남성시장점,"가정,생활 > 미용 > 화장품 > 보떼",서울 동작구 사당동 91-184,http://place.map.kakao.com/23109024,쇼핑
올리브영 이수역점,"가정,생활 > 드럭스토어 > 올리브영",서울 동작구 사당동 147-102,http://place.map.kakao.com/1168433728,쇼핑
올리브영 남성역점,"가정,생활 > 드럭스토어 > 올리브영",서울 동작구 사당동 265-34,http://place.map.kakao.com/2146136090,쇼핑
올리브영 방배이수점,"가정,생활 > 드럭스토어 > 올리브영",서울 서초구 방배동 1671,http://place.map.kakao.com/20104748,쇼핑
올리브영 사당역점,"가정,생활 > 드럭스토어 > 올리브영",서울 관악구 남현동 1061-17,http://place.map.kakao.com/11910205,쇼핑
올리브영 낙성대인헌점,"가정,생활 > 드럭스토어 > 올리브영",서울 관악구 봉천동 1656-2,http://place.map.kakao.com/20314149,쇼핑
올리브영 낙성대점,"가정,생활 > 드럭스토어 > 올리브영",서울 관악구 봉천동 1660-1,http://place.map.kakao.com/17991723,쇼핑
수산물백화점,"음식점 > 한식 > 해물,생선 > 회",서울 동작구 사당동 317-1,http://place.map.kakao.com/12826243,음식점
수산물백화점 본점,"음식점 > 한식 > 해물,생선 > 회",서울 동작구 사당동 266-20,http://place.map.kakao.com/1252618199,음식점
아울렛디씨백화점,"가정,생활 > 생활용품점",서울 동작구 사당동 708-713,http://place.map.kakao.com/16907273,기타
청정한우백화점 사당점,"가정,생활 > 식품판매 > 정육점",서울 동작구 사당동 1037-18,http://place.map.kakao.com/20125184,기타
승진옷수선백화점,"가정,생활 > 패션 > 의류수선",서울 동작구 사당동 249-48,http://place.map.kakao.com/1408531732,쇼핑
김치백화점,"가정,생활 > 식품판매 > 김치판매",서울 동작구 사당동 91-177,http://place.map.kakao.com/1837919256,기타
김치백화점,"가정,생활 > 식품판매 > 김치판매",서울 동작구 사당동 1150,http://place.map.kakao.com/86166865,기타
창성고기백화점,"가정,생활 > 식품판매 > 정육점",서울 동작구 사당동 215-10,http://place.map.kakao.com/16624740,기타
인쇄홍보기념품백화점,여행 > 기념품판매,서울 동작구 사당동 318-8,http://place.map.kakao.com/17813417,기타
토종한우백화점,"가정,생활 > 식품판매 > 정육점",서울 서초구 방배동 456-5,http://place.map.kakao.com/8623333,기타
광고백화점트인,"서비스,산업 > 마케팅 > 간판",서울 관악구 봉천동 1628-17,http://place.map.kakao.com/16732410,기타
씽크백화점 싱크대공장,"가정,생활 > 생활용품점 > 주방용품 > 주방가구,싱크대판매",서울 서초구 방배동 783-21,http://place.map.kakao.com/1862189559,기타
청정한우백화점 인헌점,"가정,생활 > 식품판매 > 정육점",서울 관악구 봉천동 1638-12,http://place.map.kakao.com/26866820,기타
전국축산물도매센타,"가정,생활 > 식품판매 > 정육점",서울 동작구 사당동 91-195,http://place.map.kakao.com/21333094,기타
지도365,"서비스,산업",서울 동작구 사당동 1035-45,http://place.map.kakao.com/11650528,기타
소담촌 사당직영점,음식점 > 샤브샤브,서울 동작구 사당동 1030-20,http://place.map.kakao.com/2005573719,음식점
전주전집,음식점 > 한식,서울 동작구 사당동 1032-1,http://place.map.kakao.com/8078768,음식점
해물한소반 사당직영점,"음식점 > 한식 > 해물,생선",서울 동작구 사당동 1041-18,http://place.map.kakao.com/19345354,음식점
가마솥손두부,음식점 > 한식 > 두부전문점,서울 동작구 사당동 1041-7,http://place.map.kakao.com/8106735,음식점
조가네갑오징어 사당점,"음식점 > 한식 > 해물,생선",서울 동작구 사당동 1041-5,http://place.map.kakao.com/21827385,음식점
달비촌대구막창,"음식점 > 한식 > 육류,고기 > 곱창,막창",서울 동작구 사당동 1039-15,http://place.map.kakao.com/16444107,음식점
청와옥 사당점,음식점 > 한식 > 순대,서울 동작구 사당동 1007-50,http://place.map.kakao.com/1013762686,음식점
계림닭한마리,"음식점 > 한식 > 육류,고기 > 닭요리",서울 동작구 사당동 1030-9,http://place.map.kakao.com/15274021,음식점
고흥이모네전집,음식점 > 한식,서울 동작구 사당동 1029-21,http://place.map.kakao.com/629575940,음식점
놉스,"음식점 > 양식 > 스테이크,립",서울 동작구 사당동 1031-13,http://place.map.kakao.com/371309624,음식점
피쉬퓨전회포차 사당점,음식점 > 술집 > 실내포장마차,서울 동작구 사당동 1031-35,http://place.map.kakao.com/432323633,술집
김삿갓파전,음식점 > 한식,서울 동작구 사당동 1030-1,http://place.map.kakao.com/16734389,음식점
명인시골통닭 사당점,음식점 > 치킨,서울 동작구 사당동 1031-26,http://place.map.kakao.com/1876346123,음식점
도어이스케이프 이수역점,음식점 > 카페 > 테마카페,서울 동작구 사당동 139-88,http://place.map.kakao.com/190103388,카페
다미,음식점 > 일식 > 일식집,서울 동작구 사당동 1043-9,http://place.map.kakao.com/8303783,음식점
학수약수터,"여행 > 관광,명소 > 샘터,약수터",서울 동작구 사당동 산 22-16,http://place.map.kakao.com/7940941,관광명소
동작충효길 2코스(현충원길),"여행 > 관광,명소 > 도보여행",서울 동작구 사당동,http://place.map.kakao.com/26558411,관광명소
동래정씨 임당공파묘역,"여행 > 관광,명소 > 문화유적 > 탑,비석",서울 동작구 사당동 산 32-83,http://place.map.kakao.com/7841325,관광명소
동작충효길 7코스(까치산길),"여행 > 관광,명소 > 도보여행",서울 동작구 사당동,http://place.map.kakao.com/26558416,관광명소
효간공이정영의묘,"여행 > 관광,명소 > 문화유적 > 릉,묘,총",서울 동작구 사당동 산 44-7,http://place.map.kakao.com/10964029,관광명소
미당서정주의집,"여행 > 관광,명소",서울 관악구 남현동 1071-11,http://place.map.kakao.com/22787103,관광명소
구벨기에영사관,"여행 > 관광,명소 > 문화유적",서울 관악구 남현동 1059-13,http://place.map.kakao.com/12740588,관광명소
서울 남현동 요지,"여행 > 관광,명소 > 문화유적 > 유적지",서울 관악구 남현동 538-1,http://place.map.kakao.com/12639145,관광명소
사당역갈림길,"여행 > 관광,명소 > 도보여행",서울 관악구 남현동 602-131,http://place.map.kakao.com/1704002494,관광명소
효민공이경직묘역,"여행 > 관광,명소 > 문화유적 > 탑,비석",서울 관악구 남현동 산 57-10,http://place.map.kakao.com/8622421,관광명소
공작지,"여행 > 관광,명소 > 저수지",서울 동작구 동작동 290-2,http://place.map.kakao.com/25731617,관광명소
액션가면소극장,"문화,예술 > 문화시설 > 공연장,연극극장",서울 동작구 사당동 1042-2,http://place.map.kakao.com/17114788,문화생활
문화놀이터액션가면 1연습실,"문화,예술 > 문화시설 > 공연장,연극극장",서울 동작구 사당동 1027-37,http://place.map.kakao.com/27583424,문화생활
연습실 사당점,"문화,예술 > 문화시설 > 공연장,연극극장",서울 동작구 사당동 1044-13,http://place.map.kakao.com/19264886,문화생활
아뜰리에 뮤르뮤르 미술공방,"문화,예술 > 미술,공예",서울 동작구 사당동 1013-1,http://place.map.kakao.com/1977973042,문화생활
표현하다스튜디오,"문화,예술 > 문화예술단체",서울 동작구 사당동 263-17,http://place.map.kakao.com/296654575,문화생활
민아트랩,"문화,예술 > 문화시설",서울 동작구 사당동 230-5,http://place.map.kakao.com/817056937,문화생활
서울시립 남서울미술관,"문화,예술 > 문화시설 > 미술관",서울 관악구 남현동 1059-13,http://place.map.kakao.com/7937927,문화생활
배우는소극장,"문화,예술 > 문화시설 > 공연장,연극극장",서울 관악구 봉천동 1656-6,http://place.map.kakao.com/1438938133,문화생활
필라이브홀,"문화,예술 > 문화시설 > 공연장,연극극장",서울 서초구 방배동 867-31,http://place.map.kakao.com/759232738,문화생활
사당뮤지컬연습실,"문화,예술 > 문화시설",서울 관악구 남현동 1061-18,http://place.map.kakao.com/21028436,문화생활
콜링아트센터,"문화,예술 > 문화시설 > 공연장,연극극장",서울 관악구 봉천동 1626-22,http://place.map.kakao.com/301873586,문화생활
작당모의 극장,"문화,예술 > 문화시설 > 공연장,연극극장",서울 관악구 봉천동 1620-35,http://place.map.kakao.com/2133641532,문화생활
서초수학박물관,"문화,예술 > 문화시설 > 박물관",서울 서초구 방배동 869-8,http://place.map.kakao.com/27500688,문화생활
청년공간 이음,"문화,예술 > 문화시설",서울 관악구 봉천동 1627-10,http://place.map.kakao.com/178069930,문화생활
메가박스 이수,"문화,예술 > 영화,영상 > 영화관 > 메가박스",서울 동작구 사당동 147-53,http://place.map.kakao.com/8471776,영화
메가박스 아트나인,"문화,예술 > 영화,영상 > 영화관 > 메가박스",서울 동작구 사당동 147-53,http://place.map.kakao.com/18722015,영화
ROCKDVD영화관,"문화,예술",서울 관악구 남현동 1062-15,http://place.map.kakao.com/23393494,문화생활
자체휴강시네마,"문화,예술 > 영화,영상 > 영화관",서울 관악구 봉천동 180-531,http://place.map.kakao.com/426427493,문화생활
캐롤,음식점 > 카페,서울 동작구 사당동 318-88,http://place.map.kakao.com/1361438933,카페
뚱보롱,음식점 > 카페 > 테마카페 > 디저트카페,서울 동작구 사당동 708-397,http://place.map.kakao.com/994081753,카페
사이,음식점 > 카페,서울 동작구 사당동 1006-20,http://place.map.kakao.com/2088100551,카페
핑크핑영화룸카페,음식점 > 카페 > 테마카페,서울 동작구 사당동 139-30,http://place.map.kakao.com/1713220292,카페
페니힐스,음식점 > 카페 > 커피전문점,서울 동작구 사당동 1042-13,http://place.map.kakao.com/19392595,카페
온클라우드나인,음식점 > 카페,서울 동작구 사당동 1034-15,http://place.map.kakao.com/333505602,카페
사당1038,음식점 > 카페,서울 동작구 사당동 1038-42,http://place.map.kakao.com/773229234,카페
이수커피,음식점 > 카페 > 커피전문점,서울 동작구 사당동 1007-1,http://place.map.kakao.com/397596693,카페
컴포즈커피 이수중앙점,음식점 > 카페 > 커피전문점 > 컴포즈커피,서울 동작구 사당동 150-10,http://place.map.kakao.com/1712815924,카페
세녹,음식점 > 카페,서울 동작구 사당동 147-50,http://place.map.kakao.com/26603579,카페
카페 오,음식점 > 카페,서울 동작구 사당동 135-6,http://place.map.kakao.com/1026142794,카페
스타벅스 사당역점,음식점 > 카페 > 커피전문점 > 스타벅스,서울 동작구 사당동 1031-27,http://place.map.kakao.com/12108448,카페
도쿄빙수 이수지점,음식점 > 카페 > 테마카페 > 디저트카페,서울 동작구 사당동 129-11,http://place.map.kakao.com/1161295479,카페
엔제리너스 이수역점,음식점 > 카페 > 커피전문점 > 엔제리너스,서울 동작구 사당동 708-435,http://place.map.kakao.com/12118390,카페
여정막걸리,"음식점 > 술집 > 호프,요리주점",서울 동작구 사당동 1031-24,http://place.map.kakao.com/1354880646,술집
이슬도둑,음식점 > 술집 > 실내포장마차,서울 동작구 사당동 139-71,http://place.map.kakao.com/1560988509,술집
천잔 1호점,음식점 > 술집 > 일본식주점,서울 동작구 사당동 1038-33,http://place.map.kakao.com/428594902,술집
정작가의막걸리집,"음식점 > 술집 > 호프,요리주점",서울 동작구 사당동 83-2,http://place.map.kakao.com/1484702525,술집
entry55 사당점,음식점 > 술집,서울 동작구 사당동 1041-12,http://place.map.kakao.com/1352891566,술집
전원일기,"음식점 > 술집 > 호프,요리주점",서울 동작구 사당동 708-447,http://place.map.kakao.com/21766974,술집
코쵸,음식점 > 술집 > 일본식주점,서울 동작구 사당동 1029-38,http://place.map.kakao.com/409486500,술집
CCR수제맥주,"음식점 > 술집 > 호프,요리주점",서울 동작구 사당동 1031-1,http://place.map.kakao.com/1164158785,술집
맛있는뎅,음식점 > 술집 > 오뎅바,서울 동작구 사당동 1032-2,http://place.map.kakao.com/1341325041,술집
꾸오,음식점 > 술집 > 실내포장마차,서울 동작구 사당동 1033-37,http://place.map.kakao.com/377569659,술집
낭만짚불구이 이수점,"음식점 > 술집 > 호프,요리주점",서울 동작구 사당동 140-2,http://place.map.kakao.com/17813313,술집
사당행,음식점 > 술집,서울 동작구 사당동 1039-4,http://place.map.kakao.com/1093043691,술집
소라노호시,음식점 > 술집 > 일본식주점,서울 동작구 사당동 132-20,http://place.map.kakao.com/1700181947,술집
신사펍 이수점,"음식점 > 술집 > 호프,요리주점",서울 동작구 사당동 86-9,http://place.map.kakao.com/1190793153,술집
